GO.ID,Term,Annotated,Significant,Expected,classicFisher,weight,classic,gene
GO:0009611,response to wounding,198,8,2.54,0.00015,0.037682769,0.177782007,Nriv.00g000040;Nriv.00g000050;Nriv.00g000060;Nriv.00g000270;Nriv.00g000280;Nriv.00g001290;Nriv.00g002180;Nriv.00g004480;Nriv.00g004500;Nriv.00g004590;Nriv.00g004600;Nriv.00g004790;Nriv.00g005090;Nriv.00g005620;Nriv.00g005630;Nriv.00g005970;Nriv.00g006040;Nriv.00g007830;Nriv.00g010930;Nriv.00g011890;Nriv.00g012130;Nriv.00g012440;Nriv.00g012950;Nriv.00g013690;Nriv.00g013700;Nriv.00g013970;Nriv.00g017240;Nriv.00g017250;Nriv.00g017930;Nriv.00g018010;Nriv.00g020070;Nriv.00g020090;Nriv.00g020130;Nriv.00g020140;Nriv.00g023510;Nriv.00g024570;Nriv.00g024590;Nriv.00g026730;Nriv.00g028420;Nriv.00g032060;Nriv.00g034970;Nriv.00g035450;Nriv.00g035460;Nriv.00g035600;Nriv.00g036780;Nriv.00g036790;Nriv.00g036800;Nriv.00g038630;Nriv.00g038990;Nriv.00g039170;Nriv.00g041200;Nriv.00g041230;Nriv.00g041580;Nriv.00g043670;Nriv.00g043710;Nriv.00g043870;Nriv.00g045150;Nriv.00g047420;Nriv.00g047460;Nriv.00g049020;Nriv.00g049030;Nriv.00g049260;Nriv.00g049300;Nriv.00g051650;Nriv.00g052820;Nriv.00g052830;Nriv.00g052840;Nriv.00g055460;Nriv.00g055570;Nriv.00g058110;Nriv.00g058140;Nriv.00g060130;Nriv.00g060280;Nriv.00g060350;Nriv.00g061170;Nriv.00g061220;Nriv.00g063750;Nriv.00g063760;Nriv.00g063770;Nriv.00g063780;Nriv.00g063800;Nriv.00g064890;Nriv.00g065870;Nriv.00g065890;Nriv.00g065990;Nriv.00g066140;Nriv.00g066150;Nriv.00g066480;Nriv.00g067400;Nriv.00g067580;Nriv.00g067690;Nriv.00g068760;Nriv.00g068910;Nriv.00g070030;Nriv.00g073900;Nriv.00g073910;Nriv.00g074700;Nriv.00g076100;Nriv.00g076600;Nriv.00g076690;Nriv.00g076710;Nriv.00g077980;Nriv.00g078080;Nriv.00g078900;Nriv.00g079030;Nriv.00g079040;Nriv.00g079900;Nriv.00g079920;Nriv.00g080160;Nriv.00g080170;Nriv.00g080180;Nriv.00g080190;Nriv.00g080200;Nriv.00g080830;Nriv.00g085060;Nriv.00g087930;Nriv.00g088110;Nriv.00g088180;Nriv.00g090550;Nriv.00g090700;Nriv.00g091680;Nriv.00g092500;Nriv.00g092750;Nriv.00g092760;Nriv.00g092780;Nriv.00g092810;Nriv.00g092820;Nriv.00g093160;Nriv.00g094270;Nriv.00g095140;Nriv.00g095150;Nriv.00g095850;Nriv.00g095860;Nriv.00g097000;Nriv.00g098880;Nriv.00g099520;Nriv.00g099670;Nriv.00g100370;Nriv.00g101000;Nriv.00g102050;Nriv.00g104070;Nriv.00g104080;Nriv.00g104200;Nriv.00g105260;Nriv.00g106190;Nriv.00g106230;Nriv.00g107150;Nriv.00g108170;Nriv.00g108360;Nriv.00g108490;Nriv.00g110000;Nriv.00g111000;Nriv.00g111010;Nriv.00g111020;Nriv.00g112110;Nriv.00g112120;Nriv.00g112660;Nriv.00g113380;Nriv.00g114540;Nriv.00g114810;Nriv.00g114820;Nriv.00g115250;Nriv.00g115260;Nriv.00g117010;Nriv.00g117190;Nriv.00g117630;Nriv.00g118710;Nriv.00g118980;Nriv.00g121060;Nriv.00g121070;Nriv.00g121080;Nriv.00g121810;Nriv.00g121820;Nriv.00g122910;Nriv.00g123770;Nriv.00g123780;Nriv.00g124780;Nriv.00g124790;Nriv.00g126180;Nriv.00g126210;Nriv.00g129120;Nriv.00g130340;Nriv.00g131430;Nriv.00g131540;Nriv.00g135860;Nriv.00g138730;Nriv.00g142080;Nriv.00g142890;Nriv.00g144440;Nriv.00g145520;Nriv.00g145730;Nriv.00g147600;Nriv.00g148450;Nriv.00g148460;Nriv.00g148480;Nriv.00g152100;Nriv.00g152520;Nriv.00g152530;Nriv.00g152540;Nriv.00g153640;Nriv.00g154100;Nriv.00g155620;Nriv.00g156260;Nriv.00g157140;Nriv.00g158150;Nriv.00g158160;Nriv.00g158620;Nriv.00g158630;Nriv.00g158740;Nriv.00g158880;Nriv.00g158890;Nriv.00g158900;Nriv.00g159430;Nriv.00g159440;Nriv.00g159460;Nriv.00g161150;Nriv.00g161160;Nriv.00g161170;Nriv.00g161180;Nriv.00g163710;Nriv.00g165060;Nriv.00g168510;Nriv.00g168780;Nriv.00g169670;Nriv.00g173000;Nriv.00g173010;Nriv.00g173720;Nriv.00g174260;Nriv.00g174290;Nriv.00g174590;Nriv.00g175790;Nriv.00g175800
GO:0071260,cellular response to mechanical stimulus,13,3,0.17,0.00054,0.025510509,0.025510509,Nriv.00g013690;Nriv.00g013700
GO:0007172,signal complex assembly,4,2,0.05,0.00096,0.037308719,0.007242489,Nriv.00g001610;Nriv.00g004470;Nriv.00g004490;Nriv.00g004510;Nriv.00g008520;Nriv.00g008680;Nriv.00g012860;Nriv.00g015920;Nriv.00g016840;Nriv.00g020460;Nriv.00g027270;Nriv.00g027280;Nriv.00g027300;Nriv.00g030190;Nriv.00g031920;Nriv.00g031930;Nriv.00g044440;Nriv.00g044990;Nriv.00g045000;Nriv.00g046930;Nriv.00g046950;Nriv.00g060320;Nriv.00g060390;Nriv.00g067450;Nriv.00g067460;Nriv.00g067470;Nriv.00g072110;Nriv.00g082840;Nriv.00g085510;Nriv.00g090900;Nriv.00g091220;Nriv.00g091230;Nriv.00g096060;Nriv.00g102950;Nriv.00g105070;Nriv.00g105810;Nriv.00g108060;Nriv.00g112330;Nriv.00g112350;Nriv.00g112360;Nriv.00g113120;Nriv.00g116100;Nriv.00g116110;Nriv.00g119320;Nriv.00g128680;Nriv.00g128690;Nriv.00g130300;Nriv.00g133590;Nriv.00g142910;Nriv.00g145400;Nriv.00g152510;Nriv.00g155500;Nriv.00g160810;Nriv.00g169000;Nriv.00g169010;Nriv.00g169220;Nriv.00g169300;Nriv.00g173080;Nriv.00g174590;Nriv.00g178880
GO:0150094,amyloid-beta clearance by cellular catabolic process,4,2,0.05,0.00096,0.025510509,0.025510509,Nriv.00g073570;Nriv.00g076490
GO:0002021,response to dietary excess,5,2,0.06,0.00159,0.001593438,0.001593438,Nriv.00g010910;Nriv.00g094470;Nriv.00g094480;Nriv.00g094500;Nriv.00g148760
GO:0014911,positive regulation of smooth muscle cell migration,11,3,0.14,0.00233,0.01283697,0.01283697,Nriv.00g142910
GO:0061003,positive regulation of dendritic spine morphogenesis,7,2,0.09,0.00329,0.038022679,0.038022679,Nriv.00g031920;Nriv.00g031930;Nriv.00g178880
GO:0043525,positive regulation of neuron apoptotic process,30,3,0.39,0.00651,0.038022679,0.038022679,Nriv.00g037140;Nriv.00g086380;Nriv.00g152050
GO:0060999,positive regulation of dendritic spine development,17,4,0.22,0.00666,0.000964162,0.000964162,Nriv.00g015650;Nriv.00g052550;Nriv.00g052560;Nriv.00g081400
GO:0051968,positive regulation of synaptic transmission;  glutamatergic,11,2,0.14,0.00833,0.017436393,0.017436393,Nriv.00g026000;Nriv.00g026040;Nriv.00g037460;Nriv.00g037480;Nriv.00g037500;Nriv.00g052250;Nriv.00g052280;Nriv.00g052310;Nriv.00g055180;Nriv.00g055190;Nriv.00g076490;Nriv.00g092940;Nriv.00g112820;Nriv.00g132570;Nriv.00g132580;Nriv.00g142910
GO:0008286,insulin receptor signaling pathway,85,5,1.09,0.0097,0.038202703,0.038202703,Nriv.00g000290;Nriv.00g005540;Nriv.00g017020;Nriv.00g024360;Nriv.00g025520;Nriv.00g027360;Nriv.00g037980;Nriv.00g037990;Nriv.00g039010;Nriv.00g039100;Nriv.00g042370;Nriv.00g047940;Nriv.00g047960;Nriv.00g047970;Nriv.00g051320;Nriv.00g051330;Nriv.00g051350;Nriv.00g051360;Nriv.00g051370;Nriv.00g051380;Nriv.00g051390;Nriv.00g053380;Nriv.00g071940;Nriv.00g072110;Nriv.00g083340;Nriv.00g083370;Nriv.00g090250;Nriv.00g104290;Nriv.00g104300;Nriv.00g107120;Nriv.00g108280;Nriv.00g108480;Nriv.00g111590;Nriv.00g116140;Nriv.00g121370;Nriv.00g121380;Nriv.00g121400;Nriv.00g122740;Nriv.00g132570;Nriv.00g132580;Nriv.00g142910;Nriv.00g147900;Nriv.00g147910;Nriv.00g147920;Nriv.00g147930;Nriv.00g157210;Nriv.00g157230;Nriv.00g157240;Nriv.00g163140;Nriv.00g163730;Nriv.00g163790;Nriv.00g167510;Nriv.00g167540;Nriv.00g170210;Nriv.00g170630;Nriv.00g172490;Nriv.00g175230;Nriv.00g178480
GO:0035264,multicellular organism growth,69,4,0.89,0.00988,0.009704345,0.004645149,Nriv.00g000300;Nriv.00g001560;Nriv.00g002210;Nriv.00g002230;Nriv.00g002280;Nriv.00g002320;Nriv.00g002380;Nriv.00g016690;Nriv.00g016840;Nriv.00g020330;Nriv.00g020350;Nriv.00g020370;Nriv.00g021470;Nriv.00g025520;Nriv.00g026830;Nriv.00g030180;Nriv.00g037930;Nriv.00g038630;Nriv.00g039640;Nriv.00g039660;Nriv.00g042400;Nriv.00g042410;Nriv.00g042420;Nriv.00g042440;Nriv.00g042450;Nriv.00g043300;Nriv.00g054260;Nriv.00g060310;Nriv.00g067700;Nriv.00g071820;Nriv.00g071910;Nriv.00g073660;Nriv.00g076550;Nriv.00g076570;Nriv.00g078080;Nriv.00g078210;Nriv.00g081400;Nriv.00g090900;Nriv.00g091480;Nriv.00g095220;Nriv.00g095240;Nriv.00g095740;Nriv.00g095830;Nriv.00g099280;Nriv.00g100830;Nriv.00g103300;Nriv.00g105840;Nriv.00g106530;Nriv.00g106540;Nriv.00g106560;Nriv.00g108060;Nriv.00g112940;Nriv.00g118590;Nriv.00g118600;Nriv.00g118640;Nriv.00g120450;Nriv.00g121130;Nriv.00g123550;Nriv.00g123630;Nriv.00g129990;Nriv.00g132120;Nriv.00g136930;Nriv.00g136960;Nriv.00g136980;Nriv.00g136990;Nriv.00g138080;Nriv.00g138100;Nriv.00g138110;Nriv.00g148290;Nriv.00g148310;Nriv.00g151130;Nriv.00g151140;Nriv.00g158610;Nriv.00g159860;Nriv.00g164510;Nriv.00g165600;Nriv.00g165630;Nriv.00g170830;Nriv.00g170840;Nriv.00g170850;Nriv.00g170860;Nriv.00g174130;Nriv.00g177620;Nriv.00g177670;Nriv.00g177990
GO:0050806,positive regulation of synaptic transmission,66,4,0.85,0.01138,0.025510509,0.025510509,Nriv.00g045850;Nriv.00g063200
GO:0150104,transport across blood-brain barrier,13,2,0.17,0.01162,0.014240192,0.014240192,Nriv.00g006220;Nriv.00g007840;Nriv.00g009010;Nriv.00g014670;Nriv.00g014680;Nriv.00g015650;Nriv.00g016070;Nriv.00g018290;Nriv.00g021130;Nriv.00g021140;Nriv.00g021750;Nriv.00g031920;Nriv.00g031930;Nriv.00g045180;Nriv.00g045460;Nriv.00g047160;Nriv.00g048130;Nriv.00g048140;Nriv.00g051610;Nriv.00g052550;Nriv.00g052560;Nriv.00g057760;Nriv.00g060890;Nriv.00g067070;Nriv.00g068780;Nriv.00g069330;Nriv.00g069340;Nriv.00g069350;Nriv.00g070060;Nriv.00g071660;Nriv.00g071670;Nriv.00g078650;Nriv.00g086080;Nriv.00g087480;Nriv.00g094780;Nriv.00g094790;Nriv.00g107490;Nriv.00g110310;Nriv.00g113060;Nriv.00g122660;Nriv.00g122670;Nriv.00g123690;Nriv.00g133480;Nriv.00g133490;Nriv.00g134370;Nriv.00g134380;Nriv.00g134390;Nriv.00g135330;Nriv.00g135610;Nriv.00g137450;Nriv.00g137520;Nriv.00g137580;Nriv.00g137600;Nriv.00g142250;Nriv.00g148260;Nriv.00g148270;Nriv.00g148280;Nriv.00g151090;Nriv.00g154120;Nriv.00g157320;Nriv.00g157330;Nriv.00g157500;Nriv.00g158460;Nriv.00g158940;Nriv.00g160720;Nriv.00g161120;Nriv.00g162830;Nriv.00g162840;Nriv.00g164700;Nriv.00g164730;Nriv.00g164750;Nriv.00g167670;Nriv.00g178880
GO:0010882,regulation of cardiac muscle contraction by calcium ion signaling,10,2,0.13,0.01274,0.000149012,0.003905912,Nriv.00g001560;Nriv.00g002420;Nriv.00g005160;Nriv.00g006060;Nriv.00g006210;Nriv.00g006400;Nriv.00g007660;Nriv.00g007680;Nriv.00g008140;Nriv.00g009170;Nriv.00g010180;Nriv.00g012250;Nriv.00g012300;Nriv.00g012690;Nriv.00g015650;Nriv.00g015920;Nriv.00g019110;Nriv.00g019150;Nriv.00g021790;Nriv.00g021970;Nriv.00g021980;Nriv.00g023230;Nriv.00g023630;Nriv.00g026680;Nriv.00g027490;Nriv.00g028990;Nriv.00g029510;Nriv.00g031370;Nriv.00g031390;Nriv.00g031400;Nriv.00g032160;Nriv.00g033240;Nriv.00g033250;Nriv.00g035010;Nriv.00g037910;Nriv.00g041490;Nriv.00g042400;Nriv.00g042410;Nriv.00g042420;Nriv.00g042440;Nriv.00g042450;Nriv.00g043610;Nriv.00g044230;Nriv.00g045190;Nriv.00g045200;Nriv.00g046060;Nriv.00g046110;Nriv.00g046920;Nriv.00g047010;Nriv.00g047940;Nriv.00g047960;Nriv.00g047970;Nriv.00g048940;Nriv.00g049180;Nriv.00g049190;Nriv.00g049600;Nriv.00g049610;Nriv.00g052550;Nriv.00g052560;Nriv.00g053660;Nriv.00g053990;Nriv.00g056390;Nriv.00g056400;Nriv.00g056510;Nriv.00g056550;Nriv.00g060320;Nriv.00g061300;Nriv.00g061430;Nriv.00g061720;Nriv.00g061730;Nriv.00g062070;Nriv.00g063690;Nriv.00g063800;Nriv.00g066700;Nriv.00g067140;Nriv.00g067150;Nriv.00g068200;Nriv.00g068210;Nriv.00g068810;Nriv.00g069330;Nriv.00g069340;Nriv.00g069350;Nriv.00g070060;Nriv.00g070410;Nriv.00g070590;Nriv.00g073250;Nriv.00g074370;Nriv.00g074450;Nriv.00g074470;Nriv.00g074480;Nriv.00g074490;Nriv.00g075690;Nriv.00g076490;Nriv.00g076550;Nriv.00g076570;Nriv.00g079150;Nriv.00g082190;Nriv.00g082840;Nriv.00g083700;Nriv.00g083720;Nriv.00g083730;Nriv.00g083910;Nriv.00g083950;Nriv.00g085450;Nriv.00g086040;Nriv.00g086080;Nriv.00g090330;Nriv.00g091820;Nriv.00g091830;Nriv.00g092420;Nriv.00g093220;Nriv.00g095220;Nriv.00g095240;Nriv.00g096250;Nriv.00g096610;Nriv.00g096630;Nriv.00g096670;Nriv.00g098550;Nriv.00g101290;Nriv.00g103750;Nriv.00g104500;Nriv.00g105300;Nriv.00g106250;Nriv.00g106480;Nriv.00g106580;Nriv.00g109800;Nriv.00g109810;Nriv.00g109820;Nriv.00g109830;Nriv.00g109890;Nriv.00g110030;Nriv.00g110050;Nriv.00g112110;Nriv.00g112120;Nriv.00g114150;Nriv.00g119400;Nriv.00g119440;Nriv.00g119460;Nriv.00g119470;Nriv.00g119560;Nriv.00g120440;Nriv.00g121660;Nriv.00g122010;Nriv.00g129470;Nriv.00g129970;Nriv.00g133590;Nriv.00g135610;Nriv.00g136840;Nriv.00g137390;Nriv.00g137400;Nriv.00g137410;Nriv.00g138710;Nriv.00g140030;Nriv.00g141890;Nriv.00g141900;Nriv.00g142910;Nriv.00g143640;Nriv.00g145080;Nriv.00g145340;Nriv.00g145350;Nriv.00g145460;Nriv.00g145480;Nriv.00g147600;Nriv.00g148260;Nriv.00g148270;Nriv.00g148280;Nriv.00g149170;Nriv.00g149180;Nriv.00g150490;Nriv.00g151100;Nriv.00g151450;Nriv.00g152000;Nriv.00g153340;Nriv.00g154940;Nriv.00g157140;Nriv.00g158480;Nriv.00g158750;Nriv.00g161470;Nriv.00g161480;Nriv.00g163470;Nriv.00g163920;Nriv.00g164010;Nriv.00g164700;Nriv.00g164730;Nriv.00g164750;Nriv.00g168570;Nriv.00g168580;Nriv.00g172370;Nriv.00g172400;Nriv.00g173180;Nriv.00g173310;Nriv.00g175630;Nriv.00g175870;Nriv.00g175880;Nriv.00g175890;Nriv.00g175900;Nriv.00g175910;Nriv.00g176490
GO:1903825,organic acid transmembrane transport,67,2,0.86,0.01282,0.021644958,0.020979414,Nriv.00g001230;Nriv.00g001250;Nriv.00g002210;Nriv.00g002230;Nriv.00g002280;Nriv.00g002320;Nriv.00g002380;Nriv.00g010540;Nriv.00g010560;Nriv.00g012030;Nriv.00g012860;Nriv.00g015650;Nriv.00g024160;Nriv.00g039600;Nriv.00g039610;Nriv.00g042160;Nriv.00g052550;Nriv.00g052560;Nriv.00g052880;Nriv.00g059720;Nriv.00g060310;Nriv.00g062870;Nriv.00g064630;Nriv.00g075970;Nriv.00g076550;Nriv.00g076570;Nriv.00g082040;Nriv.00g087550;Nriv.00g092770;Nriv.00g092790;Nriv.00g095220;Nriv.00g095240;Nriv.00g117700;Nriv.00g130870;Nriv.00g130880;Nriv.00g132200;Nriv.00g132210;Nriv.00g132220;Nriv.00g136910;Nriv.00g136930;Nriv.00g136960;Nriv.00g136980;Nriv.00g136990;Nriv.00g141030;Nriv.00g147890;Nriv.00g159810
GO:0048178,negative regulation of hepatocyte growth factor biosynthetic process,1,1,0.01,0.01284,0.017436393,0.017436393,Nriv.00g031920;Nriv.00g031930;Nriv.00g045180;Nriv.00g063230;Nriv.00g132060;Nriv.00g132080;Nriv.00g132090;Nriv.00g135870;Nriv.00g135900;Nriv.00g135910;Nriv.00g148260;Nriv.00g148270;Nriv.00g148280;Nriv.00g150280;Nriv.00g164010;Nriv.00g178880
GO:1900149,positive regulation of Schwann cell migration,1,1,0.01,0.01284,0.01283697,0.01283697,Nriv.00g101290
GO:1904643,response to curcumin,1,1,0.01,0.01284,0.015384666,0.015384666,Nriv.00g001560;Nriv.00g015650;Nriv.00g052550;Nriv.00g052560;Nriv.00g075230;Nriv.00g075380;Nriv.00g081970;Nriv.00g081990;Nriv.00g082030;Nriv.00g093780;Nriv.00g094800;Nriv.00g094930;Nriv.00g138530;Nriv.00g150350;Nriv.00g150370
GO:0046882,negative regulation of follicle-stimulating hormone secretion,1,1,0.01,0.01284,0.025510509,0.025510509,Nriv.00g015920;Nriv.00g063230
GO:1900223,positive regulation of amyloid-beta clearance,1,1,0.01,0.01284,0.012742264,0.006875172,Nriv.00g010920;Nriv.00g031830;Nriv.00g031840;Nriv.00g034570;Nriv.00g034580;Nriv.00g063230;Nriv.00g083080;Nriv.00g117960;Nriv.00g142550;Nriv.00g142560
GO:1903898,negative regulation of PERK-mediated unfolded protein response,1,1,0.01,0.01284,0.013289066,0.010012385,Nriv.00g005040;Nriv.00g008950;Nriv.00g010500;Nriv.00g010510;Nriv.00g010520;Nriv.00g017420;Nriv.00g025990;Nriv.00g026750;Nriv.00g026760;Nriv.00g046920;Nriv.00g046960;Nriv.00g051590;Nriv.00g051600;Nriv.00g061830;Nriv.00g069780;Nriv.00g069800;Nriv.00g069820;Nriv.00g069850;Nriv.00g070010;Nriv.00g076490;Nriv.00g078010;Nriv.00g088310;Nriv.00g088330;Nriv.00g089730;Nriv.00g119320;Nriv.00g120900;Nriv.00g134260;Nriv.00g134280;Nriv.00g134290;Nriv.00g134300;Nriv.00g138920;Nriv.00g142910;Nriv.00g172370;Nriv.00g172400;Nriv.00g174590
GO:0061621,canonical glycolysis,1,1,0.01,0.01284,0.01283697,0.01283697,Nriv.00g076490
GO:0051549,positive regulation of keratinocyte migration,1,1,0.01,0.01284,0.025510509,0.025510509,Nriv.00g076490;Nriv.00g102570
GO:1902437,positive regulation of male mating behavior,1,1,0.01,0.01284,0.025510509,0.025510509,Nriv.00g046840;Nriv.00g076490
GO:0032485,regulation of Ral protein signal transduction,1,1,0.01,0.01284,0.031931967,0.031931967,Nriv.00g000550;Nriv.00g002940;Nriv.00g002960;Nriv.00g006400;Nriv.00g007560;Nriv.00g012020;Nriv.00g015650;Nriv.00g016840;Nriv.00g027490;Nriv.00g044810;Nriv.00g052550;Nriv.00g052560;Nriv.00g070760;Nriv.00g070770;Nriv.00g083950;Nriv.00g119560;Nriv.00g136300;Nriv.00g136310;Nriv.00g136320;Nriv.00g136340;Nriv.00g146190;Nriv.00g146460
GO:0019885,antigen processing and presentation of endogenous peptide antigen via MHC class I,1,1,0.01,0.01284,0.037000905,0.006505804,Nriv.00g004470;Nriv.00g004490;Nriv.00g004510;Nriv.00g010910;Nriv.00g012690;Nriv.00g017440;Nriv.00g026120;Nriv.00g026530;Nriv.00g035010;Nriv.00g042810;Nriv.00g043640;Nriv.00g043650;Nriv.00g072110;Nriv.00g073740;Nriv.00g094470;Nriv.00g094480;Nriv.00g094500;Nriv.00g096080;Nriv.00g097450;Nriv.00g097460;Nriv.00g105810;Nriv.00g108060;Nriv.00g110030;Nriv.00g120740;Nriv.00g130300;Nriv.00g136300;Nriv.00g136310;Nriv.00g136320;Nriv.00g136340;Nriv.00g173270
GO:0051620,norepinephrine uptake,1,1,0.01,0.01284,0.025510509,0.025510509,Nriv.00g063230;Nriv.00g070060
GO:0051625,epinephrine uptake,1,1,0.01,0.01284,0.002333719,0.000315764,Nriv.00g001560;Nriv.00g012690;Nriv.00g015650;Nriv.00g015920;Nriv.00g052550;Nriv.00g052560;Nriv.00g063230;Nriv.00g142910;Nriv.00g150950;Nriv.00g155500;Nriv.00g164010
GO:0014049,positive regulation of glutamate secretion,1,1,0.01,0.01284,0.038022679,0.038022679,Nriv.00g056000;Nriv.00g073890;Nriv.00g128640
GO:1990575,mitochondrial L-ornithine transmembrane transport,1,1,0.01,0.01284,0.01283697,0.01283697,Nriv.00g071820
GO:0046000,positive regulation of ecdysteroid secretion,1,1,0.01,0.01284,0.038022679,0.038022679,Nriv.00g031920;Nriv.00g031930;Nriv.00g178880
GO:1904300,positive regulation of transcytosis,1,1,0.01,0.01284,0.038022679,0.038022679,Nriv.00g031920;Nriv.00g031930;Nriv.00g178880
GO:0071374,cellular response to parathyroid hormone stimulus,1,1,0.01,0.01284,0.025314052,0.012040211,Nriv.00g000330;Nriv.00g000550;Nriv.00g000560;Nriv.00g001060;Nriv.00g001070;Nriv.00g001080;Nriv.00g001560;Nriv.00g002020;Nriv.00g003670;Nriv.00g003680;Nriv.00g003820;Nriv.00g003830;Nriv.00g004020;Nriv.00g004050;Nriv.00g004120;Nriv.00g004130;Nriv.00g004140;Nriv.00g004150;Nriv.00g004160;Nriv.00g004940;Nriv.00g005290;Nriv.00g005520;Nriv.00g005850;Nriv.00g005880;Nriv.00g005900;Nriv.00g005920;Nriv.00g006320;Nriv.00g007280;Nriv.00g007390;Nriv.00g009010;Nriv.00g009190;Nriv.00g010150;Nriv.00g011160;Nriv.00g011170;Nriv.00g011940;Nriv.00g012450;Nriv.00g012460;Nriv.00g013590;Nriv.00g014670;Nriv.00g014680;Nriv.00g016070;Nriv.00g017930;Nriv.00g019650;Nriv.00g019940;Nriv.00g019960;Nriv.00g019970;Nriv.00g019980;Nriv.00g019990;Nriv.00g020090;Nriv.00g020130;Nriv.00g020140;Nriv.00g020950;Nriv.00g021750;Nriv.00g022540;Nriv.00g023460;Nriv.00g023470;Nriv.00g023800;Nriv.00g024160;Nriv.00g026090;Nriv.00g026100;Nriv.00g026950;Nriv.00g027480;Nriv.00g028420;Nriv.00g029980;Nriv.00g030530;Nriv.00g030870;Nriv.00g031920;Nriv.00g031930;Nriv.00g032840;Nriv.00g032900;Nriv.00g032910;Nriv.00g034000;Nriv.00g034010;Nriv.00g034490;Nriv.00g034500;Nriv.00g035450;Nriv.00g035460;Nriv.00g035470;Nriv.00g035670;Nriv.00g035700;Nriv.00g035950;Nriv.00g036600;Nriv.00g036610;Nriv.00g037960;Nriv.00g038180;Nriv.00g038990;Nriv.00g039160;Nriv.00g041400;Nriv.00g041420;Nriv.00g043330;Nriv.00g043340;Nriv.00g043610;Nriv.00g043830;Nriv.00g043890;Nriv.00g045140;Nriv.00g045180;Nriv.00g045190;Nriv.00g045200;Nriv.00g048280;Nriv.00g048290;Nriv.00g048300;Nriv.00g049040;Nriv.00g049070;Nriv.00g049110;Nriv.00g049180;Nriv.00g049190;Nriv.00g050320;Nriv.00g050330;Nriv.00g051310;Nriv.00g052360;Nriv.00g052380;Nriv.00g052390;Nriv.00g052430;Nriv.00g053660;Nriv.00g054220;Nriv.00g054230;Nriv.00g055560;Nriv.00g057310;Nriv.00g057760;Nriv.00g058000;Nriv.00g058110;Nriv.00g058140;Nriv.00g058230;Nriv.00g058240;Nriv.00g058260;Nriv.00g059540;Nriv.00g059550;Nriv.00g059710;Nriv.00g059840;Nriv.00g060320;Nriv.00g060350;Nriv.00g060570;Nriv.00g060580;Nriv.00g061170;Nriv.00g061220;Nriv.00g061890;Nriv.00g062620;Nriv.00g062970;Nriv.00g062980;Nriv.00g062990;Nriv.00g063000;Nriv.00g063150;Nriv.00g064430;Nriv.00g064450;Nriv.00g064630;Nriv.00g065900;Nriv.00g065910;Nriv.00g066940;Nriv.00g067250;Nriv.00g067260;Nriv.00g068780;Nriv.00g068880;Nriv.00g069330;Nriv.00g069340;Nriv.00g069350;Nriv.00g070400;Nriv.00g073650;Nriv.00g074620;Nriv.00g074740;Nriv.00g076470;Nriv.00g076990;Nriv.00g077010;Nriv.00g077020;Nriv.00g077580;Nriv.00g077880;Nriv.00g078110;Nriv.00g078120;Nriv.00g080090;Nriv.00g081400;Nriv.00g081880;Nriv.00g081900;Nriv.00g081970;Nriv.00g081980;Nriv.00g081990;Nriv.00g082030;Nriv.00g082790;Nriv.00g083700;Nriv.00g083720;Nriv.00g083730;Nriv.00g083910;Nriv.00g084320;Nriv.00g084400;Nriv.00g084910;Nriv.00g085750;Nriv.00g085760;Nriv.00g085770;Nriv.00g085780;Nriv.00g085790;Nriv.00g086080;Nriv.00g086490;Nriv.00g086550;Nriv.00g087080;Nriv.00g087480;Nriv.00g088430;Nriv.00g088730;Nriv.00g089740;Nriv.00g090560;Nriv.00g091220;Nriv.00g091230;Nriv.00g091420;Nriv.00g091430;Nriv.00g091450;Nriv.00g091600;Nriv.00g092290;Nriv.00g092360;Nriv.00g092370;Nriv.00g092610;Nriv.00g092620;Nriv.00g092850;Nriv.00g092880;Nriv.00g093140;Nriv.00g093150;Nriv.00g093160;Nriv.00g094680;Nriv.00g095460;Nriv.00g095470;Nriv.00g095980;Nriv.00g096080;Nriv.00g096610;Nriv.00g096630;Nriv.00g096670;Nriv.00g096710;Nriv.00g097310;Nriv.00g097540;Nriv.00g098640;Nriv.00g099390;Nriv.00g100190;Nriv.00g100200;Nriv.00g100210;Nriv.00g100220;Nriv.00g100250;Nriv.00g101890;Nriv.00g101900;Nriv.00g101920;Nriv.00g102050;Nriv.00g102200;Nriv.00g102210;Nriv.00g102220;Nriv.00g103300;Nriv.00g104020;Nriv.00g104060;Nriv.00g104870;Nriv.00g104880;Nriv.00g105680;Nriv.00g106190;Nriv.00g106230;Nriv.00g110310;Nriv.00g112110;Nriv.00g112120;Nriv.00g112450;Nriv.00g112470;Nriv.00g112630;Nriv.00g112730;Nriv.00g112740;Nriv.00g112750;Nriv.00g112820;Nriv.00g112870;Nriv.00g112890;Nriv.00g113060;Nriv.00g113540;Nriv.00g114440;Nriv.00g114460;Nriv.00g114480;Nriv.00g114490;Nriv.00g114500;Nriv.00g114510;Nriv.00g115370;Nriv.00g115390;Nriv.00g116280;Nriv.00g117010;Nriv.00g118140;Nriv.00g118170;Nriv.00g118180;Nriv.00g121660;Nriv.00g121780;Nriv.00g121810;Nriv.00g121820;Nriv.00g122660;Nriv.00g122670;Nriv.00g122680;Nriv.00g122830;Nriv.00g123730;Nriv.00g124820;Nriv.00g124830;Nriv.00g126500;Nriv.00g128680;Nriv.00g128690;Nriv.00g128710;Nriv.00g130340;Nriv.00g131110;Nriv.00g131130;Nriv.00g131140;Nriv.00g131390;Nriv.00g132060;Nriv.00g132080;Nriv.00g132090;Nriv.00g133680;Nriv.00g133690;Nriv.00g133730;Nriv.00g135060;Nriv.00g135370;Nriv.00g135380;Nriv.00g135400;Nriv.00g135430;Nriv.00g135490;Nriv.00g135540;Nriv.00g135560;Nriv.00g135610;Nriv.00g136930;Nriv.00g136960;Nriv.00g136980;Nriv.00g136990;Nriv.00g138250;Nriv.00g138410;Nriv.00g140320;Nriv.00g140620;Nriv.00g142770;Nriv.00g142780;Nriv.00g142790;Nriv.00g142800;Nriv.00g142910;Nriv.00g143600;Nriv.00g146980;Nriv.00g147230;Nriv.00g147360;Nriv.00g148260;Nriv.00g148270;Nriv.00g148280;Nriv.00g148550;Nriv.00g150280;Nriv.00g150290;Nriv.00g150480;Nriv.00g150490;Nriv.00g151090;Nriv.00g152500;Nriv.00g153670;Nriv.00g154120;Nriv.00g154420;Nriv.00g154940;Nriv.00g155500;Nriv.00g155630;Nriv.00g157310;Nriv.00g157320;Nriv.00g157330;Nriv.00g157500;Nriv.00g157810;Nriv.00g157820;Nriv.00g157830;Nriv.00g158150;Nriv.00g158160;Nriv.00g158610;Nriv.00g158650;Nriv.00g158940;Nriv.00g159010;Nriv.00g159090;Nriv.00g159100;Nriv.00g159490;Nriv.00g159810;Nriv.00g159940;Nriv.00g160670;Nriv.00g161080;Nriv.00g161090;Nriv.00g161100;Nriv.00g161150;Nriv.00g161160;Nriv.00g161170;Nriv.00g161180;Nriv.00g163470;Nriv.00g164320;Nriv.00g164660;Nriv.00g164670;Nriv.00g164680;Nriv.00g164700;Nriv.00g164730;Nriv.00g164750;Nriv.00g164970;Nriv.00g165210;Nriv.00g167340;Nriv.00g168120;Nriv.00g168570;Nriv.00g168580;Nriv.00g169920;Nriv.00g170200;Nriv.00g170790;Nriv.00g172520;Nriv.00g172700;Nriv.00g175480;Nriv.00g175870;Nriv.00g175880;Nriv.00g175900;Nriv.00g175910;Nriv.00g177050;Nriv.00g178880
GO:1903676,positive regulation of cap-dependent translational initiation,1,1,0.01,0.01284,0.015404809,0.000535211,Nriv.00g000240;Nriv.00g000250;Nriv.00g000310;Nriv.00g000330;Nriv.00g000550;Nriv.00g000600;Nriv.00g000630;Nriv.00g000640;Nriv.00g000650;Nriv.00g000790;Nriv.00g000800;Nriv.00g000810;Nriv.00g000900;Nriv.00g000930;Nriv.00g000960;Nriv.00g000990;Nriv.00g001060;Nriv.00g001070;Nriv.00g001080;Nriv.00g001120;Nriv.00g001240;Nriv.00g001410;Nriv.00g001560;Nriv.00g001660;Nriv.00g001680;Nriv.00g001720;Nriv.00g001780;Nriv.00g001990;Nriv.00g002000;Nriv.00g002010;Nriv.00g002030;Nriv.00g002420;Nriv.00g002430;Nriv.00g002600;Nriv.00g002610;Nriv.00g002740;Nriv.00g002770;Nriv.00g002800;Nriv.00g002810;Nriv.00g002880;Nriv.00g002890;Nriv.00g002900;Nriv.00g002910;Nriv.00g003480;Nriv.00g003570;Nriv.00g003670;Nriv.00g003680;Nriv.00g003740;Nriv.00g003760;Nriv.00g003770;Nriv.00g003820;Nriv.00g003830;Nriv.00g003840;Nriv.00g003880;Nriv.00g004020;Nriv.00g004050;Nriv.00g004120;Nriv.00g004130;Nriv.00g004140;Nriv.00g004150;Nriv.00g004160;Nriv.00g004220;Nriv.00g004230;Nriv.00g004260;Nriv.00g004530;Nriv.00g004790;Nriv.00g004820;Nriv.00g004890;Nriv.00g004900;Nriv.00g004940;Nriv.00g005160;Nriv.00g005280;Nriv.00g005290;Nriv.00g005570;Nriv.00g005620;Nriv.00g005630;Nriv.00g005710;Nriv.00g005850;Nriv.00g005880;Nriv.00g005900;Nriv.00g005920;Nriv.00g005970;Nriv.00g006060;Nriv.00g006220;Nriv.00g006280;Nriv.00g006300;Nriv.00g006320;Nriv.00g007280;Nriv.00g007560;Nriv.00g007630;Nriv.00g007690;Nriv.00g007700;Nriv.00g007730;Nriv.00g007750;Nriv.00g007760;Nriv.00g007830;Nriv.00g007840;Nriv.00g007990;Nriv.00g008180;Nriv.00g008200;Nriv.00g008250;Nriv.00g008420;Nriv.00g008560;Nriv.00g008600;Nriv.00g008630;Nriv.00g008750;Nriv.00g008830;Nriv.00g008860;Nriv.00g008900;Nriv.00g009010;Nriv.00g009110;Nriv.00g009120;Nriv.00g009130;Nriv.00g009150;Nriv.00g009170;Nriv.00g009190;Nriv.00g009200;Nriv.00g009220;Nriv.00g009230;Nriv.00g009390;Nriv.00g009400;Nriv.00g009410;Nriv.00g009420;Nriv.00g009430;Nriv.00g009510;Nriv.00g009590;Nriv.00g009640;Nriv.00g009710;Nriv.00g010000;Nriv.00g010180;Nriv.00g010450;Nriv.00g010540;Nriv.00g010560;Nriv.00g010600;Nriv.00g010610;Nriv.00g010620;Nriv.00g010630;Nriv.00g010640;Nriv.00g010650;Nriv.00g010710;Nriv.00g010730;Nriv.00g010920;Nriv.00g010930;Nriv.00g011070;Nriv.00g011100;Nriv.00g011160;Nriv.00g011170;Nriv.00g011210;Nriv.00g011630;Nriv.00g011670;Nriv.00g011720;Nriv.00g011750;Nriv.00g011760;Nriv.00g011780;Nriv.00g011800;Nriv.00g011890;Nriv.00g011920;Nriv.00g011930;Nriv.00g011950;Nriv.00g011970;Nriv.00g011980;Nriv.00g012020;Nriv.00g012050;Nriv.00g012130;Nriv.00g012180;Nriv.00g012190;Nriv.00g012200;Nriv.00g012210;Nriv.00g012220;Nriv.00g012230;Nriv.00g012240;Nriv.00g012410;Nriv.00g012450;Nriv.00g012460;Nriv.00g012480;Nriv.00g012690;Nriv.00g012810;Nriv.00g012860;Nriv.00g012950;Nriv.00g013060;Nriv.00g013080;Nriv.00g013130;Nriv.00g013140;Nriv.00g013150;Nriv.00g013160;Nriv.00g013590;Nriv.00g013610;Nriv.00g013690;Nriv.00g013700;Nriv.00g013810;Nriv.00g013820;Nriv.00g014660;Nriv.00g014670;Nriv.00g014680;Nriv.00g014980;Nriv.00g015000;Nriv.00g015030;Nriv.00g015040;Nriv.00g015370;Nriv.00g015630;Nriv.00g015650;Nriv.00g015770;Nriv.00g015810;Nriv.00g015870;Nriv.00g015880;Nriv.00g015920;Nriv.00g015930;Nriv.00g015950;Nriv.00g015960;Nriv.00g016010;Nriv.00g016070;Nriv.00g016120;Nriv.00g016160;Nriv.00g016630;Nriv.00g016690;Nriv.00g016860;Nriv.00g016990;Nriv.00g017000;Nriv.00g017070;Nriv.00g017260;Nriv.00g017310;Nriv.00g017440;Nriv.00g017620;Nriv.00g017650;Nriv.00g017660;Nriv.00g017710;Nriv.00g018020;Nriv.00g018220;Nriv.00g018290;Nriv.00g018500;Nriv.00g018560;Nriv.00g018570;Nriv.00g018580;Nriv.00g018600;Nriv.00g018610;Nriv.00g018620;Nriv.00g018660;Nriv.00g018720;Nriv.00g019150;Nriv.00g019200;Nriv.00g019250;Nriv.00g019420;Nriv.00g019440;Nriv.00g019550;Nriv.00g019560;Nriv.00g019620;Nriv.00g019650;Nriv.00g019750;Nriv.00g019820;Nriv.00g019840;Nriv.00g019870;Nriv.00g019890;Nriv.00g019900;Nriv.00g019940;Nriv.00g019960;Nriv.00g019970;Nriv.00g019980;Nriv.00g019990;Nriv.00g020000;Nriv.00g020010;Nriv.00g020090;Nriv.00g020130;Nriv.00g020140;Nriv.00g020330;Nriv.00g020350;Nriv.00g020370;Nriv.00g020950;Nriv.00g021130;Nriv.00g021140;Nriv.00g021410;Nriv.00g021470;Nriv.00g021540;Nriv.00g021740;Nriv.00g022070;Nriv.00g022090;Nriv.00g022130;Nriv.00g022170;Nriv.00g022230;Nriv.00g022270;Nriv.00g022350;Nriv.00g022480;Nriv.00g022540;Nriv.00g022660;Nriv.00g023240;Nriv.00g023380;Nriv.00g023410;Nriv.00g023460;Nriv.00g023470;Nriv.00g023800;Nriv.00g023950;Nriv.00g024010;Nriv.00g024070;Nriv.00g024110;Nriv.00g024120;Nriv.00g024160;Nriv.00g024250;Nriv.00g024360;Nriv.00g024750;Nriv.00g025090;Nriv.00g025330;Nriv.00g025440;Nriv.00g025520;Nriv.00g025830;Nriv.00g025890;Nriv.00g025930;Nriv.00g025940;Nriv.00g025990;Nriv.00g026090;Nriv.00g026100;Nriv.00g026180;Nriv.00g026310;Nriv.00g026320;Nriv.00g026680;Nriv.00g026690;Nriv.00g026830;Nriv.00g026950;Nriv.00g026980;Nriv.00g027120;Nriv.00g027180;Nriv.00g027190;Nriv.00g027200;Nriv.00g027220;Nriv.00g027230;Nriv.00g027240;Nriv.00g027330;Nriv.00g027360;Nriv.00g027380;Nriv.00g027390;Nriv.00g027410;Nriv.00g027440;Nriv.00g027470;Nriv.00g027480;Nriv.00g027520;Nriv.00g027530;Nriv.00g027610;Nriv.00g027680;Nriv.00g027710;Nriv.00g027730;Nriv.00g027830;Nriv.00g027840;Nriv.00g028080;Nriv.00g028380;Nriv.00g028410;Nriv.00g028550;Nriv.00g028560;Nriv.00g028600;Nriv.00g028610;Nriv.00g028620;Nriv.00g028920;Nriv.00g029000;Nriv.00g029020;Nriv.00g029050;Nriv.00g029070;Nriv.00g029080;Nriv.00g029230;Nriv.00g029410;Nriv.00g029420;Nriv.00g029490;Nriv.00g029550;Nriv.00g029750;Nriv.00g030060;Nriv.00g030180;Nriv.00g030190;Nriv.00g030500;Nriv.00g030760;Nriv.00g030770;Nriv.00g030780;Nriv.00g030870;Nriv.00g030890;Nriv.00g031060;Nriv.00g031110;Nriv.00g031120;Nriv.00g031370;Nriv.00g031390;Nriv.00g031400;Nriv.00g031470;Nriv.00g031740;Nriv.00g031750;Nriv.00g031830;Nriv.00g031840;Nriv.00g031920;Nriv.00g031930;Nriv.00g032060;Nriv.00g032500;Nriv.00g032820;Nriv.00g032840;Nriv.00g033100;Nriv.00g033140;Nriv.00g033150;Nriv.00g033160;Nriv.00g033240;Nriv.00g033250;Nriv.00g033430;Nriv.00g033460;Nriv.00g033570;Nriv.00g033620;Nriv.00g033680;Nriv.00g034000;Nriv.00g034010;Nriv.00g034200;Nriv.00g034260;Nriv.00g034490;Nriv.00g034500;Nriv.00g034570;Nriv.00g034580;Nriv.00g034640;Nriv.00g035000;Nriv.00g035010;Nriv.00g035020;Nriv.00g035370;Nriv.00g035380;Nriv.00g035600;Nriv.00g035620;Nriv.00g035890;Nriv.00g035950;Nriv.00g036000;Nriv.00g036390;Nriv.00g036770;Nriv.00g037000;Nriv.00g037010;Nriv.00g037260;Nriv.00g037270;Nriv.00g037510;Nriv.00g037520;Nriv.00g037530;Nriv.00g037550;Nriv.00g037560;Nriv.00g037620;Nriv.00g037640;Nriv.00g037850;Nriv.00g037900;Nriv.00g037930;Nriv.00g038020;Nriv.00g038170;Nriv.00g038260;Nriv.00g038310;Nriv.00g038460;Nriv.00g038560;Nriv.00g038570;Nriv.00g038580;Nriv.00g038590;Nriv.00g038600;Nriv.00g038630;Nriv.00g038810;Nriv.00g038820;Nriv.00g038870;Nriv.00g038880;Nriv.00g039030;Nriv.00g039120;Nriv.00g039160;Nriv.00g039170;Nriv.00g039180;Nriv.00g039330;Nriv.00g039340;Nriv.00g039350;Nriv.00g039360;Nriv.00g039370;Nriv.00g039380;Nriv.00g039600;Nriv.00g039610;Nriv.00g039700;Nriv.00g039720;Nriv.00g039730;Nriv.00g039740;Nriv.00g039750;Nriv.00g039760;Nriv.00g039960;Nriv.00g040240;Nriv.00g040260;Nriv.00g040270;Nriv.00g040390;Nriv.00g040400;Nriv.00g040480;Nriv.00g040490;Nriv.00g040500;Nriv.00g040510;Nriv.00g040570;Nriv.00g040590;Nriv.00g040990;Nriv.00g041130;Nriv.00g041140;Nriv.00g041240;Nriv.00g041340;Nriv.00g041710;Nriv.00g041730;Nriv.00g041800;Nriv.00g041920;Nriv.00g042000;Nriv.00g042160;Nriv.00g042370;Nriv.00g042400;Nriv.00g042410;Nriv.00g042420;Nriv.00g042440;Nriv.00g042450;Nriv.00g042860;Nriv.00g042890;Nriv.00g042920;Nriv.00g042930;Nriv.00g042940;Nriv.00g043220;Nriv.00g043300;Nriv.00g043430;Nriv.00g043590;Nriv.00g043610;Nriv.00g043700;Nriv.00g043730;Nriv.00g043830;Nriv.00g043860;Nriv.00g043870;Nriv.00g043910;Nriv.00g043920;Nriv.00g044040;Nriv.00g044140;Nriv.00g044220;Nriv.00g044230;Nriv.00g044250;Nriv.00g044810;Nriv.00g044860;Nriv.00g044890;Nriv.00g045100;Nriv.00g045110;Nriv.00g045130;Nriv.00g045140;Nriv.00g045150;Nriv.00g045180;Nriv.00g045190;Nriv.00g045200;Nriv.00g045240;Nriv.00g045430;Nriv.00g045440;Nriv.00g045460;Nriv.00g045660;Nriv.00g045720;Nriv.00g045760;Nriv.00g045770;Nriv.00g045780;Nriv.00g045880;Nriv.00g045890;Nriv.00g046060;Nriv.00g046230;Nriv.00g046250;Nriv.00g046260;Nriv.00g046330;Nriv.00g046340;Nriv.00g046380;Nriv.00g046440;Nriv.00g046460;Nriv.00g046600;Nriv.00g046790;Nriv.00g046810;Nriv.00g046830;Nriv.00g046840;Nriv.00g046930;Nriv.00g047010;Nriv.00g047020;Nriv.00g047030;Nriv.00g047300;Nriv.00g047310;Nriv.00g047320;Nriv.00g047360;Nriv.00g047370;Nriv.00g047380;Nriv.00g047400;Nriv.00g047480;Nriv.00g047630;Nriv.00g047940;Nriv.00g047960;Nriv.00g047970;Nriv.00g047990;Nriv.00g048130;Nriv.00g048140;Nriv.00g048220;Nriv.00g048230;Nriv.00g048240;Nriv.00g048250;Nriv.00g048290;Nriv.00g048430;Nriv.00g048480;Nriv.00g048510;Nriv.00g048620;Nriv.00g048810;Nriv.00g048990;Nriv.00g049020;Nriv.00g049180;Nriv.00g049190;Nriv.00g049260;Nriv.00g049270;Nriv.00g049470;Nriv.00g049640;Nriv.00g049750;Nriv.00g049760;Nriv.00g050100;Nriv.00g050130;Nriv.00g050240;Nriv.00g050260;Nriv.00g050280;Nriv.00g050290;Nriv.00g050350;Nriv.00g050500;Nriv.00g050540;Nriv.00g050560;Nriv.00g050970;Nriv.00g051210;Nriv.00g051240;Nriv.00g051260;Nriv.00g051270;Nriv.00g051280;Nriv.00g051310;Nriv.00g051590;Nriv.00g051600;Nriv.00g051610;Nriv.00g051650;Nriv.00g051780;Nriv.00g052200;Nriv.00g052210;Nriv.00g052320;Nriv.00g052360;Nriv.00g052380;Nriv.00g052390;Nriv.00g052430;Nriv.00g052550;Nriv.00g052560;Nriv.00g052590;Nriv.00g052660;Nriv.00g052700;Nriv.00g052710;Nriv.00g052720;Nriv.00g052740;Nriv.00g052750;Nriv.00g052770;Nriv.00g052970;Nriv.00g053400;Nriv.00g053410;Nriv.00g053420;Nriv.00g053440;Nriv.00g053520;Nriv.00g053530;Nriv.00g053540;Nriv.00g053660;Nriv.00g053990;Nriv.00g054010;Nriv.00g054020;Nriv.00g054030;Nriv.00g054260;Nriv.00g054480;Nriv.00g054730;Nriv.00g054800;Nriv.00g054990;Nriv.00g055010;Nriv.00g055170;Nriv.00g055460;Nriv.00g055500;Nriv.00g055510;Nriv.00g055560;Nriv.00g055830;Nriv.00g055850;Nriv.00g055860;Nriv.00g055870;Nriv.00g055890;Nriv.00g055990;Nriv.00g056000;Nriv.00g056540;Nriv.00g056640;Nriv.00g056660;Nriv.00g056740;Nriv.00g056760;Nriv.00g056920;Nriv.00g057080;Nriv.00g057100;Nriv.00g057310;Nriv.00g057520;Nriv.00g057760;Nriv.00g058000;Nriv.00g058110;Nriv.00g058140;Nriv.00g058230;Nriv.00g058240;Nriv.00g058260;Nriv.00g058350;Nriv.00g058360;Nriv.00g058370;Nriv.00g058590;Nriv.00g058630;Nriv.00g058640;Nriv.00g058650;Nriv.00g058660;Nriv.00g058770;Nriv.00g058790;Nriv.00g059420;Nriv.00g059490;Nriv.00g059500;Nriv.00g059520;Nriv.00g059530;Nriv.00g059560;Nriv.00g059580;Nriv.00g059640;Nriv.00g059660;Nriv.00g059670;Nriv.00g059690;Nriv.00g060100;Nriv.00g060130;Nriv.00g060140;Nriv.00g060150;Nriv.00g060310;Nriv.00g060320;Nriv.00g060380;Nriv.00g060450;Nriv.00g060480;Nriv.00g060500;Nriv.00g060520;Nriv.00g060530;Nriv.00g060560;Nriv.00g060690;Nriv.00g060750;Nriv.00g060770;Nriv.00g060890;Nriv.00g061090;Nriv.00g061170;Nriv.00g061220;Nriv.00g061300;Nriv.00g061350;Nriv.00g061420;Nriv.00g061430;Nriv.00g061570;Nriv.00g061580;Nriv.00g061600;Nriv.00g061720;Nriv.00g061730;Nriv.00g061890;Nriv.00g061930;Nriv.00g062180;Nriv.00g062250;Nriv.00g062270;Nriv.00g062280;Nriv.00g062300;Nriv.00g062320;Nriv.00g062360;Nriv.00g062450;Nriv.00g062470;Nriv.00g062480;Nriv.00g062630;Nriv.00g062640;Nriv.00g062890;Nriv.00g063020;Nriv.00g063150;Nriv.00g063230;Nriv.00g063360;Nriv.00g063430;Nriv.00g063500;Nriv.00g063620;Nriv.00g063690;Nriv.00g063750;Nriv.00g063760;Nriv.00g063770;Nriv.00g063780;Nriv.00g063830;Nriv.00g063840;Nriv.00g063890;Nriv.00g063900;Nriv.00g063930;Nriv.00g064060;Nriv.00g064070;Nriv.00g064080;Nriv.00g064150;Nriv.00g064310;Nriv.00g064330;Nriv.00g064580;Nriv.00g064630;Nriv.00g064750;Nriv.00g064770;Nriv.00g064890;Nriv.00g065080;Nriv.00g065130;Nriv.00g065300;Nriv.00g065800;Nriv.00g065820;Nriv.00g065840;Nriv.00g065850;Nriv.00g065860;Nriv.00g065900;Nriv.00g065910;Nriv.00g066510;Nriv.00g066530;Nriv.00g066540;Nriv.00g066570;Nriv.00g066590;Nriv.00g066600;Nriv.00g066870;Nriv.00g066910;Nriv.00g066940;Nriv.00g067020;Nriv.00g067040;Nriv.00g067140;Nriv.00g067150;Nriv.00g067190;Nriv.00g067200;Nriv.00g067400;Nriv.00g067410;Nriv.00g067420;Nriv.00g067520;Nriv.00g067660;Nriv.00g067800;Nriv.00g068810;Nriv.00g068880;Nriv.00g068910;Nriv.00g069040;Nriv.00g069330;Nriv.00g069340;Nriv.00g069350;Nriv.00g069480;Nriv.00g069490;Nriv.00g069510;Nriv.00g069520;Nriv.00g069540;Nriv.00g069900;Nriv.00g069950;Nriv.00g070060;Nriv.00g070100;Nriv.00g070240;Nriv.00g070250;Nriv.00g070400;Nriv.00g070430;Nriv.00g070590;Nriv.00g070630;Nriv.00g070710;Nriv.00g070980;Nriv.00g070990;Nriv.00g071040;Nriv.00g071220;Nriv.00g071250;Nriv.00g071430;Nriv.00g071450;Nriv.00g071490;Nriv.00g071500;Nriv.00g071760;Nriv.00g071840;Nriv.00g072020;Nriv.00g072140;Nriv.00g072440;Nriv.00g072450;Nriv.00g072590;Nriv.00g072600;Nriv.00g072620;Nriv.00g072740;Nriv.00g072910;Nriv.00g073050;Nriv.00g073110;Nriv.00g073190;Nriv.00g073250;Nriv.00g073310;Nriv.00g073380;Nriv.00g073390;Nriv.00g073410;Nriv.00g073650;Nriv.00g073790;Nriv.00g073890;Nriv.00g073900;Nriv.00g073910;Nriv.00g074070;Nriv.00g074260;Nriv.00g074370;Nriv.00g074420;Nriv.00g074430;Nriv.00g074450;Nriv.00g074470;Nriv.00g074480;Nriv.00g074490;Nriv.00g074630;Nriv.00g074660;Nriv.00g074670;Nriv.00g074700;Nriv.00g074740;Nriv.00g074820;Nriv.00g074840;Nriv.00g075230;Nriv.00g075380;Nriv.00g075440;Nriv.00g075500;Nriv.00g075510;Nriv.00g075520;Nriv.00g075780;Nriv.00g076100;Nriv.00g076400;Nriv.00g076470;Nriv.00g076490;Nriv.00g076550;Nriv.00g076570;Nriv.00g076600;Nriv.00g076690;Nriv.00g076710;Nriv.00g076890;Nriv.00g076900;Nriv.00g076950;Nriv.00g077490;Nriv.00g077500;Nriv.00g077530;Nriv.00g077810;Nriv.00g077850;Nriv.00g077900;Nriv.00g077910;Nriv.00g077930;Nriv.00g077960;Nriv.00g077990;Nriv.00g078060;Nriv.00g078080;Nriv.00g078110;Nriv.00g078120;Nriv.00g078210;Nriv.00g078240;Nriv.00g078260;Nriv.00g078320;Nriv.00g078450;Nriv.00g078500;Nriv.00g078590;Nriv.00g078620;Nriv.00g078630;Nriv.00g078640;Nriv.00g078650;Nriv.00g078720;Nriv.00g078740;Nriv.00g078750;Nriv.00g078770;Nriv.00g078780;Nriv.00g079030;Nriv.00g079040;Nriv.00g079150;Nriv.00g079390;Nriv.00g079400;Nriv.00g079610;Nriv.00g079620;Nriv.00g079650;Nriv.00g079900;Nriv.00g079920;Nriv.00g080090;Nriv.00g080500;Nriv.00g080510;Nriv.00g080570;Nriv.00g080580;Nriv.00g080590;Nriv.00g080620;Nriv.00g080800;Nriv.00g080810;Nriv.00g080830;Nriv.00g080980;Nriv.00g080990;Nriv.00g081010;Nriv.00g081040;Nriv.00g081050;Nriv.00g081400;Nriv.00g081650;Nriv.00g081880;Nriv.00g081900;Nriv.00g081930;Nriv.00g081950;Nriv.00g081970;Nriv.00g081980;Nriv.00g081990;Nriv.00g082030;Nriv.00g082140;Nriv.00g082190;Nriv.00g082230;Nriv.00g082410;Nriv.00g082500;Nriv.00g082650;Nriv.00g082790;Nriv.00g082840;Nriv.00g082900;Nriv.00g082910;Nriv.00g082960;Nriv.00g083030;Nriv.00g083080;Nriv.00g083250;Nriv.00g083260;Nriv.00g083310;Nriv.00g083550;Nriv.00g083910;Nriv.00g083960;Nriv.00g084030;Nriv.00g084060;Nriv.00g084070;Nriv.00g084320;Nriv.00g084380;Nriv.00g084460;Nriv.00g084540;Nriv.00g084640;Nriv.00g084670;Nriv.00g084710;Nriv.00g084910;Nriv.00g084970;Nriv.00g084980;Nriv.00g085030;Nriv.00g085450;Nriv.00g085460;Nriv.00g085590;Nriv.00g085610;Nriv.00g085690;Nriv.00g085750;Nriv.00g085760;Nriv.00g085770;Nriv.00g085780;Nriv.00g085790;Nriv.00g085890;Nriv.00g085910;Nriv.00g086330;Nriv.00g086350;Nriv.00g086360;Nriv.00g086370;Nriv.00g086490;Nriv.00g086520;Nriv.00g086550;Nriv.00g086610;Nriv.00g086630;Nriv.00g086880;Nriv.00g086890;Nriv.00g086910;Nriv.00g086920;Nriv.00g087060;Nriv.00g087170;Nriv.00g087190;Nriv.00g087550;Nriv.00g087600;Nriv.00g087650;Nriv.00g087660;Nriv.00g087880;Nriv.00g087890;Nriv.00g087900;Nriv.00g087910;Nriv.00g087970;Nriv.00g087990;Nriv.00g088000;Nriv.00g088180;Nriv.00g088420;Nriv.00g088450;Nriv.00g088470;Nriv.00g088510;Nriv.00g088520;Nriv.00g088530;Nriv.00g088540;Nriv.00g088620;Nriv.00g088630;Nriv.00g088640;Nriv.00g088650;Nriv.00g088660;Nriv.00g088680;Nriv.00g088690;Nriv.00g088700;Nriv.00g088710;Nriv.00g088760;Nriv.00g088970;Nriv.00g089200;Nriv.00g089240;Nriv.00g089520;Nriv.00g089650;Nriv.00g089730;Nriv.00g089740;Nriv.00g089750;Nriv.00g089760;Nriv.00g089770;Nriv.00g089790;Nriv.00g089910;Nriv.00g089920;Nriv.00g090080;Nriv.00g090220;Nriv.00g090390;Nriv.00g090400;Nriv.00g090420;Nriv.00g090500;Nriv.00g090550;Nriv.00g090610;Nriv.00g090650;Nriv.00g090910;Nriv.00g091070;Nriv.00g091080;Nriv.00g091090;Nriv.00g091100;Nriv.00g091110;Nriv.00g091120;Nriv.00g091160;Nriv.00g091170;Nriv.00g091180;Nriv.00g091220;Nriv.00g091230;Nriv.00g091420;Nriv.00g091430;Nriv.00g091450;Nriv.00g091480;Nriv.00g091490;Nriv.00g091500;Nriv.00g091570;Nriv.00g091580;Nriv.00g091600;Nriv.00g091650;Nriv.00g091680;Nriv.00g091820;Nriv.00g091830;Nriv.00g092350;Nriv.00g092360;Nriv.00g092370;Nriv.00g092420;Nriv.00g092450;Nriv.00g092460;Nriv.00g092610;Nriv.00g092620;Nriv.00g092700;Nriv.00g092750;Nriv.00g092760;Nriv.00g092780;Nriv.00g092810;Nriv.00g092850;Nriv.00g092880;Nriv.00g093160;Nriv.00g093270;Nriv.00g093340;Nriv.00g093720;Nriv.00g093730;Nriv.00g093740;Nriv.00g093780;Nriv.00g094220;Nriv.00g094380;Nriv.00g094620;Nriv.00g094730;Nriv.00g094780;Nriv.00g094790;Nriv.00g094800;Nriv.00g094930;Nriv.00g095130;Nriv.00g095220;Nriv.00g095240;Nriv.00g095400;Nriv.00g095410;Nriv.00g095980;Nriv.00g096050;Nriv.00g096410;Nriv.00g096450;Nriv.00g096460;Nriv.00g096480;Nriv.00g096610;Nriv.00g096630;Nriv.00g096670;Nriv.00g096740;Nriv.00g096750;Nriv.00g096780;Nriv.00g096790;Nriv.00g096800;Nriv.00g097140;Nriv.00g097220;Nriv.00g097230;Nriv.00g097290;Nriv.00g097310;Nriv.00g097390;Nriv.00g097590;Nriv.00g097600;Nriv.00g097610;Nriv.00g097620;Nriv.00g097790;Nriv.00g098080;Nriv.00g098100;Nriv.00g098170;Nriv.00g098220;Nriv.00g098360;Nriv.00g098420;Nriv.00g098430;Nriv.00g098440;Nriv.00g098450;Nriv.00g098710;Nriv.00g098760;Nriv.00g098780;Nriv.00g098800;Nriv.00g098810;Nriv.00g098870;Nriv.00g098880;Nriv.00g098890;Nriv.00g098900;Nriv.00g098910;Nriv.00g099070;Nriv.00g099080;Nriv.00g099140;Nriv.00g099150;Nriv.00g099160;Nriv.00g099300;Nriv.00g099490;Nriv.00g099500;Nriv.00g099510;Nriv.00g100260;Nriv.00g100270;Nriv.00g100630;Nriv.00g100660;Nriv.00g100690;Nriv.00g100990;Nriv.00g101000;Nriv.00g101170;Nriv.00g101220;Nriv.00g101280;Nriv.00g101290;Nriv.00g101560;Nriv.00g101640;Nriv.00g101680;Nriv.00g101690;Nriv.00g101760;Nriv.00g101780;Nriv.00g101790;Nriv.00g101840;Nriv.00g101880;Nriv.00g102050;Nriv.00g102670;Nriv.00g102690;Nriv.00g102700;Nriv.00g102710;Nriv.00g102730;Nriv.00g102750;Nriv.00g102760;Nriv.00g102770;Nriv.00g103140;Nriv.00g103160;Nriv.00g103510;Nriv.00g103620;Nriv.00g103630;Nriv.00g103640;Nriv.00g103720;Nriv.00g103730;Nriv.00g103760;Nriv.00g103780;Nriv.00g103910;Nriv.00g103940;Nriv.00g104020;Nriv.00g104050;Nriv.00g104170;Nriv.00g104190;Nriv.00g104210;Nriv.00g104220;Nriv.00g104230;Nriv.00g104240;Nriv.00g104290;Nriv.00g104300;Nriv.00g104430;Nriv.00g104460;Nriv.00g104500;Nriv.00g104540;Nriv.00g104870;Nriv.00g104880;Nriv.00g104900;Nriv.00g105020;Nriv.00g105180;Nriv.00g105310;Nriv.00g105370;Nriv.00g105690;Nriv.00g105700;Nriv.00g105840;Nriv.00g105940;Nriv.00g106040;Nriv.00g106190;Nriv.00g106230;Nriv.00g106250;Nriv.00g106480;Nriv.00g106920;Nriv.00g106930;Nriv.00g107050;Nriv.00g107060;Nriv.00g107080;Nriv.00g107090;Nriv.00g107300;Nriv.00g107490;Nriv.00g107710;Nriv.00g107740;Nriv.00g108060;Nriv.00g108180;Nriv.00g108210;Nriv.00g108260;Nriv.00g108270;Nriv.00g108360;Nriv.00g108600;Nriv.00g108620;Nriv.00g108670;Nriv.00g109060;Nriv.00g109070;Nriv.00g109230;Nriv.00g109280;Nriv.00g109320;Nriv.00g109350;Nriv.00g109520;Nriv.00g109800;Nriv.00g109810;Nriv.00g109820;Nriv.00g109830;Nriv.00g109890;Nriv.00g110000;Nriv.00g110030;Nriv.00g110040;Nriv.00g110050;Nriv.00g110190;Nriv.00g110270;Nriv.00g110280;Nriv.00g110310;Nriv.00g110410;Nriv.00g110650;Nriv.00g110720;Nriv.00g110730;Nriv.00g110840;Nriv.00g110910;Nriv.00g110940;Nriv.00g110960;Nriv.00g111180;Nriv.00g111420;Nriv.00g111690;Nriv.00g111780;Nriv.00g111790;Nriv.00g111800;Nriv.00g111810;Nriv.00g111840;Nriv.00g111870;Nriv.00g111910;Nriv.00g111940;Nriv.00g111990;Nriv.00g112020;Nriv.00g112060;Nriv.00g112110;Nriv.00g112120;Nriv.00g112310;Nriv.00g112330;Nriv.00g112350;Nriv.00g112360;Nriv.00g112410;Nriv.00g112450;Nriv.00g112470;Nriv.00g112630;Nriv.00g112640;Nriv.00g112800;Nriv.00g112810;Nriv.00g112820;Nriv.00g112910;Nriv.00g112940;Nriv.00g113060;Nriv.00g113380;Nriv.00g113430;Nriv.00g113440;Nriv.00g113540;Nriv.00g113910;Nriv.00g113980;Nriv.00g114080;Nriv.00g114090;Nriv.00g114440;Nriv.00g114460;Nriv.00g114480;Nriv.00g114490;Nriv.00g114500;Nriv.00g114510;Nriv.00g114600;Nriv.00g114620;Nriv.00g114790;Nriv.00g114810;Nriv.00g114820;Nriv.00g114900;Nriv.00g114930;Nriv.00g115020;Nriv.00g115040;Nriv.00g115120;Nriv.00g115210;Nriv.00g115370;Nriv.00g115390;Nriv.00g115460;Nriv.00g115570;Nriv.00g115760;Nriv.00g115990;Nriv.00g116020;Nriv.00g116040;Nriv.00g116180;Nriv.00g116250;Nriv.00g116280;Nriv.00g116360;Nriv.00g116910;Nriv.00g116930;Nriv.00g117010;Nriv.00g117180;Nriv.00g117530;Nriv.00g117540;Nriv.00g117700;Nriv.00g117770;Nriv.00g117890;Nriv.00g117900;Nriv.00g117910;Nriv.00g117960;Nriv.00g117980;Nriv.00g117990;Nriv.00g118020;Nriv.00g118140;Nriv.00g118170;Nriv.00g118180;Nriv.00g118360;Nriv.00g118590;Nriv.00g118600;Nriv.00g118640;Nriv.00g118860;Nriv.00g119040;Nriv.00g119120;Nriv.00g119130;Nriv.00g119250;Nriv.00g119320;Nriv.00g119380;Nriv.00g119490;Nriv.00g119580;Nriv.00g119620;Nriv.00g119710;Nriv.00g119740;Nriv.00g120160;Nriv.00g120280;Nriv.00g120320;Nriv.00g120380;Nriv.00g120440;Nriv.00g120450;Nriv.00g120530;Nriv.00g120540;Nriv.00g120550;Nriv.00g120620;Nriv.00g120670;Nriv.00g120680;Nriv.00g120710;Nriv.00g120720;Nriv.00g120730;Nriv.00g120900;Nriv.00g121130;Nriv.00g121170;Nriv.00g121180;Nriv.00g121280;Nriv.00g121300;Nriv.00g121320;Nriv.00g121370;Nriv.00g121380;Nriv.00g121400;Nriv.00g121560;Nriv.00g121660;Nriv.00g121690;Nriv.00g121700;Nriv.00g121710;Nriv.00g121730;Nriv.00g121750;Nriv.00g121760;Nriv.00g121780;Nriv.00g121810;Nriv.00g121820;Nriv.00g122070;Nriv.00g122480;Nriv.00g122520;Nriv.00g122530;Nriv.00g122540;Nriv.00g122560;Nriv.00g122630;Nriv.00g122640;Nriv.00g122660;Nriv.00g122670;Nriv.00g122680;Nriv.00g122700;Nriv.00g122740;Nriv.00g122770;Nriv.00g122840;Nriv.00g122860;Nriv.00g122920;Nriv.00g123040;Nriv.00g123460;Nriv.00g123470;Nriv.00g123480;Nriv.00g123490;Nriv.00g123500;Nriv.00g123620;Nriv.00g123650;Nriv.00g123690;Nriv.00g123730;Nriv.00g123820;Nriv.00g123880;Nriv.00g123890;Nriv.00g124040;Nriv.00g124140;Nriv.00g124150;Nriv.00g124170;Nriv.00g124500;Nriv.00g124520;Nriv.00g124540;Nriv.00g124580;Nriv.00g124620;Nriv.00g124820;Nriv.00g124830;Nriv.00g124950;Nriv.00g125070;Nriv.00g125830;Nriv.00g125850;Nriv.00g125870;Nriv.00g126290;Nriv.00g126300;Nriv.00g126350;Nriv.00g126360;Nriv.00g126370;Nriv.00g126500;Nriv.00g126510;Nriv.00g126580;Nriv.00g126590;Nriv.00g126600;Nriv.00g126610;Nriv.00g126620;Nriv.00g126640;Nriv.00g126730;Nriv.00g126740;Nriv.00g126790;Nriv.00g126850;Nriv.00g126890;Nriv.00g127450;Nriv.00g127540;Nriv.00g127570;Nriv.00g127620;Nriv.00g127660;Nriv.00g127710;Nriv.00g127730;Nriv.00g127740;Nriv.00g127750;Nriv.00g127770;Nriv.00g128030;Nriv.00g128110;Nriv.00g128170;Nriv.00g128180;Nriv.00g128680;Nriv.00g128690;Nriv.00g128700;Nriv.00g128710;Nriv.00g128730;Nriv.00g128760;Nriv.00g129110;Nriv.00g129470;Nriv.00g129750;Nriv.00g129970;Nriv.00g129990;Nriv.00g130060;Nriv.00g130120;Nriv.00g130140;Nriv.00g130190;Nriv.00g130210;Nriv.00g130220;Nriv.00g130240;Nriv.00g130250;Nriv.00g130260;Nriv.00g130280;Nriv.00g130290;Nriv.00g130340;Nriv.00g130760;Nriv.00g130770;Nriv.00g130780;Nriv.00g130810;Nriv.00g130930;Nriv.00g130940;Nriv.00g131100;Nriv.00g131110;Nriv.00g131130;Nriv.00g131190;Nriv.00g131210;Nriv.00g131240;Nriv.00g131250;Nriv.00g131320;Nriv.00g131330;Nriv.00g131400;Nriv.00g131430;Nriv.00g131510;Nriv.00g131520;Nriv.00g131530;Nriv.00g131540;Nriv.00g131620;Nriv.00g131690;Nriv.00g132060;Nriv.00g132080;Nriv.00g132090;Nriv.00g132120;Nriv.00g132250;Nriv.00g132270;Nriv.00g132500;Nriv.00g132610;Nriv.00g132720;Nriv.00g132820;Nriv.00g133300;Nriv.00g133380;Nriv.00g133390;Nriv.00g133400;Nriv.00g133430;Nriv.00g133480;Nriv.00g133490;Nriv.00g133570;Nriv.00g133590;Nriv.00g133680;Nriv.00g133730;Nriv.00g133770;Nriv.00g133790;Nriv.00g133800;Nriv.00g133810;Nriv.00g133880;Nriv.00g133910;Nriv.00g134040;Nriv.00g134090;Nriv.00g134100;Nriv.00g134180;Nriv.00g134330;Nriv.00g134370;Nriv.00g134380;Nriv.00g134390;Nriv.00g134400;Nriv.00g134630;Nriv.00g134640;Nriv.00g134820;Nriv.00g135050;Nriv.00g135060;Nriv.00g135240;Nriv.00g135250;Nriv.00g135290;Nriv.00g135360;Nriv.00g135370;Nriv.00g135380;Nriv.00g135400;Nriv.00g135490;Nriv.00g135510;Nriv.00g135540;Nriv.00g135560;Nriv.00g135580;Nriv.00g135590;Nriv.00g135610;Nriv.00g135740;Nriv.00g135870;Nriv.00g135900;Nriv.00g135910;Nriv.00g136030;Nriv.00g136040;Nriv.00g136050;Nriv.00g136060;Nriv.00g136140;Nriv.00g136150;Nriv.00g136160;Nriv.00g136170;Nriv.00g136180;Nriv.00g136190;Nriv.00g136220;Nriv.00g136230;Nriv.00g136380;Nriv.00g136390;Nriv.00g136680;Nriv.00g136710;Nriv.00g136730;Nriv.00g136740;Nriv.00g136800;Nriv.00g136840;Nriv.00g136870;Nriv.00g136930;Nriv.00g136960;Nriv.00g136980;Nriv.00g136990;Nriv.00g137450;Nriv.00g137520;Nriv.00g137580;Nriv.00g137600;Nriv.00g137610;Nriv.00g137750;Nriv.00g137770;Nriv.00g137950;Nriv.00g138010;Nriv.00g138080;Nriv.00g138090;Nriv.00g138100;Nriv.00g138110;Nriv.00g138150;Nriv.00g138160;Nriv.00g138170;Nriv.00g138250;Nriv.00g138270;Nriv.00g138410;Nriv.00g138530;Nriv.00g138710;Nriv.00g138730;Nriv.00g138920;Nriv.00g139170;Nriv.00g139180;Nriv.00g139190;Nriv.00g139240;Nriv.00g139250;Nriv.00g139850;Nriv.00g140030;Nriv.00g140190;Nriv.00g140320;Nriv.00g140400;Nriv.00g140410;Nriv.00g140760;Nriv.00g140850;Nriv.00g140870;Nriv.00g140920;Nriv.00g141070;Nriv.00g141190;Nriv.00g141280;Nriv.00g141290;Nriv.00g141450;Nriv.00g141460;Nriv.00g141770;Nriv.00g141790;Nriv.00g141870;Nriv.00g141880;Nriv.00g141890;Nriv.00g141900;Nriv.00g141940;Nriv.00g142030;Nriv.00g142290;Nriv.00g142300;Nriv.00g142390;Nriv.00g142550;Nriv.00g142560;Nriv.00g142770;Nriv.00g142780;Nriv.00g142790;Nriv.00g142800;Nriv.00g142890;Nriv.00g142910;Nriv.00g142920;Nriv.00g142960;Nriv.00g143290;Nriv.00g143550;Nriv.00g143560;Nriv.00g143600;Nriv.00g144020;Nriv.00g144030;Nriv.00g144160;Nriv.00g144170;Nriv.00g144780;Nriv.00g144790;Nriv.00g144870;Nriv.00g145000;Nriv.00g145340;Nriv.00g145350;Nriv.00g145730;Nriv.00g145750;Nriv.00g145850;Nriv.00g145890;Nriv.00g145900;Nriv.00g146430;Nriv.00g146440;Nriv.00g146460;Nriv.00g146640;Nriv.00g146650;Nriv.00g146660;Nriv.00g146880;Nriv.00g146900;Nriv.00g147010;Nriv.00g147050;Nriv.00g147060;Nriv.00g147120;Nriv.00g147130;Nriv.00g147140;Nriv.00g147150;Nriv.00g147160;Nriv.00g147170;Nriv.00g147180;Nriv.00g147190;Nriv.00g147240;Nriv.00g147360;Nriv.00g147710;Nriv.00g147720;Nriv.00g147730;Nriv.00g147740;Nriv.00g148010;Nriv.00g148020;Nriv.00g148200;Nriv.00g148260;Nriv.00g148270;Nriv.00g148280;Nriv.00g148290;Nriv.00g148310;Nriv.00g148450;Nriv.00g148460;Nriv.00g148470;Nriv.00g148480;Nriv.00g148550;Nriv.00g148800;Nriv.00g148810;Nriv.00g148850;Nriv.00g148860;Nriv.00g148870;Nriv.00g148910;Nriv.00g149110;Nriv.00g149190;Nriv.00g149220;Nriv.00g149290;Nriv.00g149730;Nriv.00g149790;Nriv.00g149880;Nriv.00g150070;Nriv.00g150260;Nriv.00g150280;Nriv.00g150350;Nriv.00g150370;Nriv.00g150490;Nriv.00g150950;Nriv.00g151090;Nriv.00g151130;Nriv.00g151140;Nriv.00g151170;Nriv.00g151510;Nriv.00g151560;Nriv.00g151570;Nriv.00g151640;Nriv.00g151650;Nriv.00g151780;Nriv.00g151790;Nriv.00g151800;Nriv.00g152060;Nriv.00g152090;Nriv.00g152100;Nriv.00g152110;Nriv.00g152130;Nriv.00g152140;Nriv.00g152150;Nriv.00g152500;Nriv.00g152520;Nriv.00g152530;Nriv.00g152540;Nriv.00g152580;Nriv.00g152620;Nriv.00g152640;Nriv.00g152720;Nriv.00g152870;Nriv.00g152890;Nriv.00g152950;Nriv.00g153000;Nriv.00g153100;Nriv.00g153300;Nriv.00g153310;Nriv.00g153320;Nriv.00g153340;Nriv.00g153610;Nriv.00g153670;Nriv.00g153770;Nriv.00g153860;Nriv.00g153870;Nriv.00g153910;Nriv.00g154120;Nriv.00g154150;Nriv.00g154210;Nriv.00g154810;Nriv.00g154820;Nriv.00g154940;Nriv.00g154950;Nriv.00g154980;Nriv.00g155040;Nriv.00g155140;Nriv.00g155180;Nriv.00g155210;Nriv.00g155480;Nriv.00g155500;Nriv.00g155610;Nriv.00g155620;Nriv.00g156020;Nriv.00g156080;Nriv.00g156260;Nriv.00g156460;Nriv.00g156590;Nriv.00g156620;Nriv.00g156640;Nriv.00g156690;Nriv.00g156750;Nriv.00g156810;Nriv.00g156840;Nriv.00g157090;Nriv.00g157100;Nriv.00g157140;Nriv.00g157210;Nriv.00g157230;Nriv.00g157250;Nriv.00g157260;Nriv.00g157280;Nriv.00g157310;Nriv.00g157490;Nriv.00g157810;Nriv.00g157820;Nriv.00g157830;Nriv.00g158150;Nriv.00g158160;Nriv.00g158200;Nriv.00g158380;Nriv.00g158400;Nriv.00g158440;Nriv.00g158450;Nriv.00g158570;Nriv.00g158580;Nriv.00g158610;Nriv.00g158650;Nriv.00g158740;Nriv.00g158750;Nriv.00g158790;Nriv.00g158800;Nriv.00g158940;Nriv.00g158970;Nriv.00g159000;Nriv.00g159010;Nriv.00g159030;Nriv.00g159270;Nriv.00g159280;Nriv.00g159290;Nriv.00g159350;Nriv.00g159580;Nriv.00g159790;Nriv.00g159810;Nriv.00g159940;Nriv.00g160010;Nriv.00g160030;Nriv.00g160060;Nriv.00g160230;Nriv.00g160390;Nriv.00g160400;Nriv.00g160560;Nriv.00g160570;Nriv.00g160650;Nriv.00g160670;Nriv.00g160720;Nriv.00g161030;Nriv.00g161090;Nriv.00g161100;Nriv.00g161250;Nriv.00g161470;Nriv.00g161480;Nriv.00g161520;Nriv.00g161590;Nriv.00g161760;Nriv.00g161780;Nriv.00g161840;Nriv.00g161870;Nriv.00g161880;Nriv.00g161890;Nriv.00g161900;Nriv.00g162070;Nriv.00g162080;Nriv.00g162100;Nriv.00g162560;Nriv.00g162830;Nriv.00g162840;Nriv.00g163080;Nriv.00g163090;Nriv.00g163130;Nriv.00g163220;Nriv.00g163260;Nriv.00g163470;Nriv.00g163490;Nriv.00g163500;Nriv.00g163590;Nriv.00g163600;Nriv.00g163980;Nriv.00g164010;Nriv.00g164150;Nriv.00g164160;Nriv.00g164250;Nriv.00g164440;Nriv.00g164480;Nriv.00g164510;Nriv.00g164630;Nriv.00g164660;Nriv.00g164670;Nriv.00g164680;Nriv.00g164700;Nriv.00g164730;Nriv.00g164750;Nriv.00g164960;Nriv.00g165060;Nriv.00g165070;Nriv.00g165380;Nriv.00g165680;Nriv.00g165880;Nriv.00g165930;Nriv.00g165950;Nriv.00g165960;Nriv.00g166230;Nriv.00g166330;Nriv.00g166440;Nriv.00g166930;Nriv.00g166940;Nriv.00g167220;Nriv.00g167340;Nriv.00g167480;Nriv.00g167490;Nriv.00g167740;Nriv.00g167750;Nriv.00g167770;Nriv.00g167780;Nriv.00g167790;Nriv.00g167800;Nriv.00g167890;Nriv.00g167950;Nriv.00g167980;Nriv.00g168070;Nriv.00g168080;Nriv.00g168100;Nriv.00g168570;Nriv.00g168580;Nriv.00g168630;Nriv.00g169000;Nriv.00g169010;Nriv.00g169220;Nriv.00g169300;Nriv.00g169470;Nriv.00g169480;Nriv.00g169550;Nriv.00g169560;Nriv.00g169590;Nriv.00g170130;Nriv.00g170200;Nriv.00g170210;Nriv.00g170220;Nriv.00g170260;Nriv.00g170590;Nriv.00g170710;Nriv.00g170720;Nriv.00g170760;Nriv.00g170770;Nriv.00g170790;Nriv.00g170980;Nriv.00g171070;Nriv.00g171120;Nriv.00g171140;Nriv.00g171170;Nriv.00g171190;Nriv.00g171200;Nriv.00g171210;Nriv.00g171330;Nriv.00g171420;Nriv.00g171470;Nriv.00g171500;Nriv.00g172060;Nriv.00g172130;Nriv.00g172140;Nriv.00g172160;Nriv.00g172190;Nriv.00g172290;Nriv.00g172310;Nriv.00g172350;Nriv.00g172520;Nriv.00g172540;Nriv.00g172700;Nriv.00g172800;Nriv.00g172840;Nriv.00g172880;Nriv.00g172890;Nriv.00g172900;Nriv.00g172910;Nriv.00g172920;Nriv.00g172950;Nriv.00g172970;Nriv.00g172980;Nriv.00g173000;Nriv.00g173010;Nriv.00g173070;Nriv.00g173100;Nriv.00g173120;Nriv.00g173140;Nriv.00g173230;Nriv.00g173300;Nriv.00g173310;Nriv.00g173330;Nriv.00g173340;Nriv.00g173460;Nriv.00g173520;Nriv.00g173530;Nriv.00g173570;Nriv.00g173720;Nriv.00g173770;Nriv.00g173840;Nriv.00g174130;Nriv.00g174160;Nriv.00g174200;Nriv.00g174260;Nriv.00g174290;Nriv.00g174330;Nriv.00g174570;Nriv.00g174650;Nriv.00g174940;Nriv.00g175230;Nriv.00g175240;Nriv.00g175480;Nriv.00g175540;Nriv.00g175560;Nriv.00g175620;Nriv.00g175790;Nriv.00g175870;Nriv.00g175880;Nriv.00g175900;Nriv.00g175910;Nriv.00g176120;Nriv.00g176150;Nriv.00g176520;Nriv.00g176970;Nriv.00g177320;Nriv.00g177340;Nriv.00g177350;Nriv.00g177620;Nriv.00g177670;Nriv.00g177910;Nriv.00g177920;Nriv.00g177990;Nriv.00g178430;Nriv.00g178480;Nriv.00g178880
GO:1902237,positive regulation of endoplasmic reticulum stress-induced intrinsic apoptotic signaling pathway,1,1,0.01,0.01284,0.01959723,0.01959723,Nriv.00g005620;Nriv.00g005630;Nriv.00g012050;Nriv.00g015920;Nriv.00g027610;Nriv.00g028080;Nriv.00g046330;Nriv.00g063230;Nriv.00g071490;Nriv.00g101290;Nriv.00g112060;Nriv.00g120720;Nriv.00g122860;Nriv.00g128180;Nriv.00g154980;Nriv.00g172910;Nriv.00g173570
GO:1904411,positive regulation of secretory granule organization,1,1,0.01,0.01284,0.025510509,0.025510509,Nriv.00g047170;Nriv.00g144780
GO:0048694,positive regulation of collateral sprouting of injured axon,1,1,0.01,0.01284,0.038022679,0.038022679,Nriv.00g080120;Nriv.00g136260;Nriv.00g137780
GO:0035810,positive regulation of urine volume,1,1,0.01,0.01284,0.017194,0.003861093,Nriv.00g028080;Nriv.00g034320;Nriv.00g034340;Nriv.00g034360;Nriv.00g047420;Nriv.00g052610;Nriv.00g052620;Nriv.00g068190;Nriv.00g085640;Nriv.00g085650;Nriv.00g085660;Nriv.00g085670;Nriv.00g085680;Nriv.00g087170;Nriv.00g087190;Nriv.00g097450;Nriv.00g097460;Nriv.00g107070;Nriv.00g110270;Nriv.00g110280;Nriv.00g130300;Nriv.00g132280;Nriv.00g158770;Nriv.00g166330;Nriv.00g166440
GO:0035815,positive regulation of renal sodium excretion,1,1,0.01,0.01284,0.038022679,0.038022679,Nriv.00g015980;Nriv.00g080120;Nriv.00g136260
GO:1904109,positive regulation of cholesterol import,1,1,0.01,0.01284,0.015384666,0.015384666,Nriv.00g010910;Nriv.00g025520;Nriv.00g039720;Nriv.00g039730;Nriv.00g039740;Nriv.00g039750;Nriv.00g039760;Nriv.00g046840;Nriv.00g066940;Nriv.00g082700;Nriv.00g094470;Nriv.00g094480;Nriv.00g094500;Nriv.00g127510;Nriv.00g163670
GO:2000587,negative regulation of platelet-derived growth factor receptor-beta signaling pathway,1,1,0.01,0.01284,0.038022679,0.038022679,Nriv.00g106190;Nriv.00g106230;Nriv.00g117010
GO:0044210,'de novo' CTP biosynthetic process,1,1,0.01,0.01284,0.01283697,0.01283697,Nriv.00g107640
GO:0120183,positive regulation of focal adhesion disassembly,1,1,0.01,0.01284,0.038022679,0.038022679,Nriv.00g031920;Nriv.00g031930;Nriv.00g178880
GO:0010621,negative regulation of transcription by transcription factor localization,1,1,0.01,0.01284,0.025510509,0.025510509,Nriv.00g012810;Nriv.00g107300
GO:1990456,mitochondrion-endoplasmic reticulum membrane tethering,1,1,0.01,0.01284,0.038022679,0.038022679,Nriv.00g022090;Nriv.00g116380;Nriv.00g174860
GO:1990441,negative regulation of transcription from RNA polymerase II promoter in response to endoplasmic reticulum stress,1,1,0.01,0.01284,0.026333847,0.005348039,Nriv.00g010730;Nriv.00g014670;Nriv.00g014680;Nriv.00g014880;Nriv.00g015650;Nriv.00g032840;Nriv.00g035890;Nriv.00g052550;Nriv.00g052560;Nriv.00g057760;Nriv.00g100630;Nriv.00g104670;Nriv.00g109800;Nriv.00g109810;Nriv.00g109820;Nriv.00g109830;Nriv.00g109890;Nriv.00g113540;Nriv.00g122660;Nriv.00g122670;Nriv.00g126510;Nriv.00g136710;Nriv.00g140030;Nriv.00g145150;Nriv.00g145200;Nriv.00g148290;Nriv.00g148310;Nriv.00g149730
GO:1904562,phosphatidylinositol 5-phosphate metabolic process,1,1,0.01,0.01284,0.038022679,0.038022679,Nriv.00g043430;Nriv.00g060500;Nriv.00g063230
GO:0002265,astrocyte activation involved in immune response,1,1,0.01,0.01284,0.038022679,0.038022679,Nriv.00g046920;Nriv.00g172370;Nriv.00g172400
GO:0010951,negative regulation of endopeptidase activity,35,3,0.45,0.01329,0.038022679,0.038022679,Nriv.00g027830;Nriv.00g039160;Nriv.00g129990
GO:0008360,regulation of cell shape,73,4,0.94,0.01424,0.040013846,0.022204647,Nriv.00g013140;Nriv.00g015970;Nriv.00g015990;Nriv.00g016000;Nriv.00g018290;Nriv.00g019940;Nriv.00g019960;Nriv.00g019970;Nriv.00g019980;Nriv.00g019990;Nriv.00g028950;Nriv.00g028970;Nriv.00g028980;Nriv.00g038260;Nriv.00g038310;Nriv.00g039340;Nriv.00g039350;Nriv.00g039360;Nriv.00g039370;Nriv.00g039380;Nriv.00g042160;Nriv.00g047010;Nriv.00g052050;Nriv.00g052060;Nriv.00g052070;Nriv.00g052080;Nriv.00g052090;Nriv.00g068880;Nriv.00g070100;Nriv.00g070590;Nriv.00g076550;Nriv.00g076570;Nriv.00g077980;Nriv.00g095220;Nriv.00g095240;Nriv.00g110530;Nriv.00g110540;Nriv.00g110560;Nriv.00g111890;Nriv.00g117700;Nriv.00g128760;Nriv.00g131250;Nriv.00g138710;Nriv.00g159690;Nriv.00g160720;Nriv.00g168640;Nriv.00g175260
GO:0010763,positive regulation of fibroblast migration,15,2,0.19,0.01538,0.009883848,0.011759707,Nriv.00g005620;Nriv.00g005630;Nriv.00g010180;Nriv.00g010910;Nriv.00g010930;Nriv.00g018730;Nriv.00g032500;Nriv.00g040590;Nriv.00g042160;Nriv.00g042400;Nriv.00g042410;Nriv.00g042420;Nriv.00g042440;Nriv.00g042450;Nriv.00g045120;Nriv.00g045150;Nriv.00g051610;Nriv.00g051750;Nriv.00g052230;Nriv.00g058350;Nriv.00g058360;Nriv.00g059500;Nriv.00g060310;Nriv.00g064060;Nriv.00g064070;Nriv.00g064080;Nriv.00g066940;Nriv.00g067400;Nriv.00g072910;Nriv.00g073740;Nriv.00g074740;Nriv.00g078590;Nriv.00g079860;Nriv.00g079870;Nriv.00g084980;Nriv.00g089400;Nriv.00g090100;Nriv.00g090450;Nriv.00g090550;Nriv.00g091650;Nriv.00g091680;Nriv.00g092420;Nriv.00g094470;Nriv.00g094480;Nriv.00g094500;Nriv.00g095220;Nriv.00g095240;Nriv.00g116180;Nriv.00g117700;Nriv.00g120670;Nriv.00g120680;Nriv.00g129990;Nriv.00g133570;Nriv.00g134180;Nriv.00g145460;Nriv.00g145480;Nriv.00g148290;Nriv.00g148310;Nriv.00g149360;Nriv.00g153810;Nriv.00g156260;Nriv.00g159000;Nriv.00g163490;Nriv.00g170220;Nriv.00g173570;Nriv.00g176170;Nriv.00g176210;Nriv.00g176250;Nriv.00g177290
GO:0035774,positive regulation of insulin secretion involved in cellular response to glucose stimulus,15,2,0.19,0.01538,0.025510509,0.025510509,Nriv.00g010730;Nriv.00g100630
GO:0032094,response to food,15,2,0.19,0.01538,0.025510509,0.025510509,Nriv.00g010730;Nriv.00g100630
GO:0030154,cell differentiation,2096,43,26.91,0.0154,0.015384666,0.015384666,Nriv.00g031920;Nriv.00g031930;Nriv.00g067450;Nriv.00g067460;Nriv.00g067470;Nriv.00g085510;Nriv.00g102950;Nriv.00g105070;Nriv.00g105810;Nriv.00g113120;Nriv.00g128680;Nriv.00g128690;Nriv.00g142910;Nriv.00g152510;Nriv.00g178880
GO:0043524,negative regulation of neuron apoptotic process,41,3,0.53,0.01543,0.01283697,0.01283697,Nriv.00g076490
GO:0031397,negative regulation of protein ubiquitination,25,3,0.32,0.01719,0.01283697,0.01283697,Nriv.00g076490
GO:0048168,regulation of neuronal synaptic plasticity,40,3,0.51,0.01725,0.038022679,0.038022679,Nriv.00g025990;Nriv.00g081400;Nriv.00g083510
GO:0007205,protein kinase C-activating G protein-coupled receptor signaling pathway,16,2,0.21,0.01744,0.025510509,0.025510509,Nriv.00g002940;Nriv.00g002960
GO:0060080,inhibitory postsynaptic potential,16,2,0.21,0.01744,0.028760421,0.055778945,Nriv.00g000170;Nriv.00g008250;Nriv.00g009190;Nriv.00g010730;Nriv.00g010910;Nriv.00g011070;Nriv.00g011100;Nriv.00g011760;Nriv.00g011780;Nriv.00g011800;Nriv.00g011970;Nriv.00g017550;Nriv.00g017560;Nriv.00g017620;Nriv.00g018660;Nriv.00g022070;Nriv.00g023410;Nriv.00g024630;Nriv.00g026570;Nriv.00g029490;Nriv.00g031060;Nriv.00g035890;Nriv.00g038630;Nriv.00g047300;Nriv.00g047310;Nriv.00g047320;Nriv.00g047360;Nriv.00g047990;Nriv.00g053400;Nriv.00g053410;Nriv.00g059930;Nriv.00g059940;Nriv.00g061720;Nriv.00g061730;Nriv.00g064570;Nriv.00g065080;Nriv.00g066940;Nriv.00g067190;Nriv.00g067200;Nriv.00g067410;Nriv.00g067420;Nriv.00g074740;Nriv.00g075500;Nriv.00g078110;Nriv.00g078120;Nriv.00g079860;Nriv.00g079870;Nriv.00g082140;Nriv.00g082840;Nriv.00g086040;Nriv.00g087970;Nriv.00g088510;Nriv.00g088520;Nriv.00g088530;Nriv.00g088540;Nriv.00g090330;Nriv.00g090650;Nriv.00g093260;Nriv.00g094470;Nriv.00g094480;Nriv.00g094500;Nriv.00g096740;Nriv.00g096750;Nriv.00g096780;Nriv.00g096790;Nriv.00g096800;Nriv.00g098220;Nriv.00g100630;Nriv.00g101170;Nriv.00g102650;Nriv.00g108060;Nriv.00g108180;Nriv.00g108260;Nriv.00g108270;Nriv.00g110690;Nriv.00g111780;Nriv.00g111790;Nriv.00g111800;Nriv.00g111940;Nriv.00g118360;Nriv.00g119320;Nriv.00g120160;Nriv.00g120440;Nriv.00g120670;Nriv.00g120680;Nriv.00g120730;Nriv.00g121270;Nriv.00g121560;Nriv.00g121660;Nriv.00g122860;Nriv.00g124140;Nriv.00g130250;Nriv.00g130260;Nriv.00g130280;Nriv.00g130290;Nriv.00g133590;Nriv.00g134820;Nriv.00g136170;Nriv.00g138760;Nriv.00g138800;Nriv.00g143290;Nriv.00g150490;Nriv.00g151450;Nriv.00g158200;Nriv.00g160230;Nriv.00g162100;Nriv.00g167000;Nriv.00g167980;Nriv.00g171950;Nriv.00g171960;Nriv.00g175480;Nriv.00g176520
GO:0010592,positive regulation of lamellipodium assembly,16,2,0.21,0.01744,0.015427294,0.015427294,Nriv.00g000790;Nriv.00g004470;Nriv.00g004490;Nriv.00g004510;Nriv.00g008050;Nriv.00g022090;Nriv.00g035010;Nriv.00g041370;Nriv.00g044020;Nriv.00g044810;Nriv.00g045190;Nriv.00g045200;Nriv.00g055170;Nriv.00g066450;Nriv.00g067190;Nriv.00g067200;Nriv.00g076490;Nriv.00g083850;Nriv.00g092700;Nriv.00g098910;Nriv.00g112810;Nriv.00g114600;Nriv.00g124950;Nriv.00g128680;Nriv.00g128690;Nriv.00g128880;Nriv.00g130300;Nriv.00g132250;Nriv.00g132270;Nriv.00g133680;Nriv.00g142910;Nriv.00g147890;Nriv.00g148760;Nriv.00g157210;Nriv.00g157230;Nriv.00g159000;Nriv.00g172520;Nriv.00g173720;Nriv.00g174590;Nriv.00g175230;Nriv.00g176970
GO:0060079,excitatory postsynaptic potential,44,3,0.56,0.0194,0.006505804,0.006505804,Nriv.00g005620;Nriv.00g005630;Nriv.00g008050;Nriv.00g015630;Nriv.00g019940;Nriv.00g019960;Nriv.00g019970;Nriv.00g019980;Nriv.00g019990;Nriv.00g032170;Nriv.00g044020;Nriv.00g046950;Nriv.00g063230;Nriv.00g081970;Nriv.00g081990;Nriv.00g082030;Nriv.00g086880;Nriv.00g086890;Nriv.00g086910;Nriv.00g086920;Nriv.00g098800;Nriv.00g098810;Nriv.00g121660;Nriv.00g132720;Nriv.00g135370;Nriv.00g135380;Nriv.00g135400;Nriv.00g153860;Nriv.00g153870;Nriv.00g156020
GO:0030183,B cell differentiation,17,2,0.22,0.0196,0.01283697,0.01283697,Nriv.00g175260
GO:0010507,negative regulation of autophagy,46,3,0.59,0.02164,0.01283697,0.01283697,Nriv.00g076100
GO:0060612,adipose tissue development,18,2,0.23,0.02186,0.038022679,0.038022679,Nriv.00g008830;Nriv.00g158440;Nriv.00g158450
GO:0048013,ephrin receptor signaling pathway,19,2,0.24,0.02423,0.025510509,0.025510509,Nriv.00g060320;Nriv.00g061300
GO:0060996,dendritic spine development,37,5,0.47,0.02476,0.01283697,0.01283697,Nriv.00g061300
GO:0060997,dendritic spine morphogenesis,29,3,0.37,0.02516,0.024233928,0.024233928,Nriv.00g012450;Nriv.00g012460;Nriv.00g015650;Nriv.00g052550;Nriv.00g052560;Nriv.00g081400;Nriv.00g088620;Nriv.00g088630;Nriv.00g098760;Nriv.00g098780;Nriv.00g133640;Nriv.00g135370;Nriv.00g135380;Nriv.00g135400;Nriv.00g148290;Nriv.00g148310;Nriv.00g150350;Nriv.00g150370;Nriv.00g170790
GO:0048143,astrocyte activation,3,2,0.04,0.0253,0.025510509,0.025510509,Nriv.00g010730;Nriv.00g100630
GO:0030036,actin cytoskeleton organization,393,11,5.04,0.02531,0.025301973,0.000486169,Nriv.00g076490;Nriv.00g122740;Nriv.00g142910
GO:0014894,response to denervation involved in regulation of muscle adaptation,2,1,0.03,0.02551,0.017246138,0.014431092,Nriv.00g001610;Nriv.00g008050;Nriv.00g008070;Nriv.00g008100;Nriv.00g027520;Nriv.00g027530;Nriv.00g031920;Nriv.00g031930;Nriv.00g035570;Nriv.00g042280;Nriv.00g042290;Nriv.00g044020;Nriv.00g044990;Nriv.00g045000;Nriv.00g045860;Nriv.00g048710;Nriv.00g048730;Nriv.00g050750;Nriv.00g057500;Nriv.00g058000;Nriv.00g060750;Nriv.00g061890;Nriv.00g084980;Nriv.00g088030;Nriv.00g088040;Nriv.00g089190;Nriv.00g116100;Nriv.00g116110;Nriv.00g121660;Nriv.00g129390;Nriv.00g151470;Nriv.00g151480;Nriv.00g151490;Nriv.00g152440;Nriv.00g157020;Nriv.00g161890;Nriv.00g163840;Nriv.00g166040;Nriv.00g176460;Nriv.00g178880
GO:0001975,response to amphetamine,2,1,0.03,0.02551,0.01283697,0.01283697,Nriv.00g061300
GO:0046881,positive regulation of follicle-stimulating hormone secretion,2,1,0.03,0.02551,0.038022679,0.038022679,Nriv.00g039510;Nriv.00g108060;Nriv.00g122680
GO:0060279,positive regulation of ovulation,2,1,0.03,0.02551,0.029270753,0.029270753,Nriv.00g001560;Nriv.00g004220;Nriv.00g004230;Nriv.00g004260;Nriv.00g015650;Nriv.00g015920;Nriv.00g039100;Nriv.00g052550;Nriv.00g052560;Nriv.00g063230;Nriv.00g073730;Nriv.00g081430;Nriv.00g096060;Nriv.00g117180;Nriv.00g148430;Nriv.00g148440;Nriv.00g167220;Nriv.00g170100;Nriv.00g170110;Nriv.00g170120;Nriv.00g173570
GO:0032927,positive regulation of activin receptor signaling pathway,2,1,0.03,0.02551,0.01283697,0.01283697,Nriv.00g142910
GO:0061642,chemoattraction of axon,2,1,0.03,0.02551,0.025510509,0.025510509,Nriv.00g063230;Nriv.00g149290
GO:0048742,regulation of skeletal muscle fiber development,2,1,0.03,0.02551,0.031931967,0.031931967,Nriv.00g009170;Nriv.00g015650;Nriv.00g052550;Nriv.00g052560;Nriv.00g084460;Nriv.00g087180;Nriv.00g089740;Nriv.00g097670;Nriv.00g097680;Nriv.00g097690;Nriv.00g100190;Nriv.00g100200;Nriv.00g100210;Nriv.00g100220;Nriv.00g100250;Nriv.00g106550;Nriv.00g117310;Nriv.00g117360;Nriv.00g131500;Nriv.00g132540;Nriv.00g142910;Nriv.00g176490
GO:0014061,regulation of norepinephrine secretion,2,1,0.03,0.02551,0.011375876,0.010094916,Nriv.00g000630;Nriv.00g000640;Nriv.00g000650;Nriv.00g001560;Nriv.00g001610;Nriv.00g003210;Nriv.00g008050;Nriv.00g008070;Nriv.00g008100;Nriv.00g015650;Nriv.00g021970;Nriv.00g021980;Nriv.00g025890;Nriv.00g036090;Nriv.00g044020;Nriv.00g044990;Nriv.00g045000;Nriv.00g045240;Nriv.00g046630;Nriv.00g046840;Nriv.00g052550;Nriv.00g052560;Nriv.00g053520;Nriv.00g058000;Nriv.00g062090;Nriv.00g063690;Nriv.00g064160;Nriv.00g064170;Nriv.00g064180;Nriv.00g071500;Nriv.00g076490;Nriv.00g078200;Nriv.00g083960;Nriv.00g084030;Nriv.00g089190;Nriv.00g097310;Nriv.00g097420;Nriv.00g098310;Nriv.00g098470;Nriv.00g098870;Nriv.00g099490;Nriv.00g102570;Nriv.00g102750;Nriv.00g102760;Nriv.00g102770;Nriv.00g104530;Nriv.00g110030;Nriv.00g110310;Nriv.00g116100;Nriv.00g116110;Nriv.00g121660;Nriv.00g132300;Nriv.00g132310;Nriv.00g132330;Nriv.00g132360;Nriv.00g132370;Nriv.00g134400;Nriv.00g134630;Nriv.00g134640;Nriv.00g144780;Nriv.00g147890;Nriv.00g152640;Nriv.00g152870;Nriv.00g157140;Nriv.00g158480;Nriv.00g160230
GO:0014057,positive regulation of acetylcholine secretion;  neurotransmission,2,1,0.03,0.02551,0.038202703,0.038202703,Nriv.00g004820;Nriv.00g008700;Nriv.00g008710;Nriv.00g008720;Nriv.00g027480;Nriv.00g036760;Nriv.00g047360;Nriv.00g050110;Nriv.00g051320;Nriv.00g051330;Nriv.00g051350;Nriv.00g051360;Nriv.00g051370;Nriv.00g051380;Nriv.00g051390;Nriv.00g055620;Nriv.00g060680;Nriv.00g063230;Nriv.00g067190;Nriv.00g067200;Nriv.00g071490;Nriv.00g071500;Nriv.00g073520;Nriv.00g073540;Nriv.00g073890;Nriv.00g075230;Nriv.00g075380;Nriv.00g076550;Nriv.00g076570;Nriv.00g079150;Nriv.00g093780;Nriv.00g094800;Nriv.00g094930;Nriv.00g096370;Nriv.00g096740;Nriv.00g096750;Nriv.00g096780;Nriv.00g096790;Nriv.00g096800;Nriv.00g098220;Nriv.00g098800;Nriv.00g098810;Nriv.00g110030;Nriv.00g115960;Nriv.00g115970;Nriv.00g115980;Nriv.00g129470;Nriv.00g131720;Nriv.00g139240;Nriv.00g139250;Nriv.00g144280;Nriv.00g144830;Nriv.00g147600;Nriv.00g147890;Nriv.00g148300;Nriv.00g150300;Nriv.00g157490;Nriv.00g169480
GO:1903025,regulation of RNA polymerase II regulatory region sequence-specific DNA binding,2,1,0.03,0.02551,0.049995236,0.006875172,Nriv.00g001560;Nriv.00g004790;Nriv.00g015920;Nriv.00g046230;Nriv.00g060320;Nriv.00g063230;Nriv.00g122920;Nriv.00g123040;Nriv.00g164250;Nriv.00g167980
GO:0048050,post-embryonic eye morphogenesis,2,1,0.03,0.02551,0.038022679,0.038022679,Nriv.00g120440;Nriv.00g142910;Nriv.00g150490
GO:1902894,negative regulation of pri-miRNA transcription by RNA polymerase II,2,1,0.03,0.02551,0.01283697,0.01283697,Nriv.00g126500
GO:0010832,negative regulation of myotube differentiation,2,1,0.03,0.02551,0.038022679,0.038022679,Nriv.00g020950;Nriv.00g130550;Nriv.00g162770
GO:0035582,sequestering of BMP in extracellular matrix,2,1,0.03,0.02551,0.038022679,0.038022679,Nriv.00g016950;Nriv.00g051690;Nriv.00g162770
GO:0035583,sequestering of TGFbeta in extracellular matrix,2,1,0.03,0.02551,0.01283697,0.01283697,Nriv.00g162770
GO:0008292,acetylcholine biosynthetic process,2,1,0.03,0.02551,0.01283697,0.01283697,Nriv.00g162770
GO:0042699,follicle-stimulating hormone signaling pathway,2,1,0.03,0.02551,0.008332818,0.008332818,Nriv.00g000630;Nriv.00g000640;Nriv.00g000650;Nriv.00g045240;Nriv.00g058000;Nriv.00g076490;Nriv.00g134400;Nriv.00g134630;Nriv.00g134640;Nriv.00g144780;Nriv.00g152870
GO:1903912,negative regulation of endoplasmic reticulum stress-induced eIF2 alpha phosphorylation,2,1,0.03,0.02551,0.019396043,0.018643936,Nriv.00g000630;Nriv.00g000640;Nriv.00g000650;Nriv.00g008050;Nriv.00g008070;Nriv.00g008100;Nriv.00g025890;Nriv.00g027180;Nriv.00g027190;Nriv.00g027200;Nriv.00g043730;Nriv.00g044020;Nriv.00g045240;Nriv.00g046840;Nriv.00g046950;Nriv.00g058000;Nriv.00g060520;Nriv.00g061580;Nriv.00g061600;Nriv.00g076490;Nriv.00g084030;Nriv.00g089190;Nriv.00g104530;Nriv.00g110030;Nriv.00g110940;Nriv.00g110960;Nriv.00g128680;Nriv.00g128690;Nriv.00g132300;Nriv.00g132310;Nriv.00g132330;Nriv.00g132360;Nriv.00g132370;Nriv.00g134400;Nriv.00g134630;Nriv.00g134640;Nriv.00g144780;Nriv.00g152640;Nriv.00g152870;Nriv.00g152890;Nriv.00g152950;Nriv.00g153000;Nriv.00g160810;Nriv.00g169560
GO:0000711,meiotic DNA repair synthesis,2,1,0.03,0.02551,0.017436393,0.017436393,Nriv.00g001610;Nriv.00g008050;Nriv.00g008070;Nriv.00g008100;Nriv.00g025890;Nriv.00g044020;Nriv.00g044990;Nriv.00g045000;Nriv.00g045240;Nriv.00g060520;Nriv.00g076490;Nriv.00g089190;Nriv.00g116100;Nriv.00g116110;Nriv.00g152640;Nriv.00g152870
GO:0060465,pharynx development,2,1,0.03,0.02551,0.025510509,0.025510509,Nriv.00g026460;Nriv.00g061300
GO:0030421,defecation,2,1,0.03,0.02551,0.031931967,0.031931967,Nriv.00g011160;Nriv.00g011170;Nriv.00g047020;Nriv.00g047030;Nriv.00g055850;Nriv.00g055860;Nriv.00g055870;Nriv.00g060320;Nriv.00g061300;Nriv.00g065280;Nriv.00g065290;Nriv.00g067190;Nriv.00g067200;Nriv.00g073190;Nriv.00g120440;Nriv.00g135360;Nriv.00g135630;Nriv.00g144020;Nriv.00g144030;Nriv.00g150490;Nriv.00g160720;Nriv.00g161030
GO:1900164,nodal signaling pathway involved in determination of lateral mesoderm left/right asymmetry,2,1,0.03,0.02551,0.025510509,0.025510509,Nriv.00g091650;Nriv.00g116180
GO:0150093,amyloid-beta clearance by transcytosis,2,1,0.03,0.02551,0.021864085,0.021864085,Nriv.00g010910;Nriv.00g015920;Nriv.00g046850;Nriv.00g066430;Nriv.00g066940;Nriv.00g094470;Nriv.00g094480;Nriv.00g094500;Nriv.00g096470;Nriv.00g098800;Nriv.00g098810;Nriv.00g105810;Nriv.00g158570;Nriv.00g158580;Nriv.00g169000;Nriv.00g169010;Nriv.00g169220;Nriv.00g169300
GO:2001205,negative regulation of osteoclast development,2,1,0.03,0.02551,0.02475759,0.000100623,Nriv.00g001560;Nriv.00g009190;Nriv.00g009200;Nriv.00g009220;Nriv.00g013160;Nriv.00g031920;Nriv.00g031930;Nriv.00g045240;Nriv.00g050240;Nriv.00g050260;Nriv.00g050280;Nriv.00g050290;Nriv.00g058000;Nriv.00g060500;Nriv.00g063690;Nriv.00g080090;Nriv.00g081970;Nriv.00g081990;Nriv.00g082030;Nriv.00g088620;Nriv.00g088630;Nriv.00g108060;Nriv.00g110030;Nriv.00g126500;Nriv.00g134400;Nriv.00g134630;Nriv.00g134640;Nriv.00g135370;Nriv.00g135380;Nriv.00g135400;Nriv.00g144780;Nriv.00g148550;Nriv.00g152870;Nriv.00g156690;Nriv.00g169560;Nriv.00g177990;Nriv.00g178880
GO:0033627,cell adhesion mediated by integrin,28,3,0.36,0.02633,0.025160248,0.0059099,Nriv.00g009190;Nriv.00g009200;Nriv.00g009220;Nriv.00g045240;Nriv.00g050240;Nriv.00g050260;Nriv.00g050280;Nriv.00g050290;Nriv.00g058000;Nriv.00g060500;Nriv.00g063690;Nriv.00g080090;Nriv.00g081970;Nriv.00g081990;Nriv.00g082030;Nriv.00g088620;Nriv.00g088630;Nriv.00g108060;Nriv.00g110030;Nriv.00g134400;Nriv.00g134630;Nriv.00g134640;Nriv.00g135370;Nriv.00g135380;Nriv.00g135400;Nriv.00g144780;Nriv.00g148550;Nriv.00g152870;Nriv.00g156690
GO:0043010,camera-type eye development,112,4,1.44,0.02876,0.006664209,5.40E-05,Nriv.00g013160;Nriv.00g031920;Nriv.00g031930;Nriv.00g058000;Nriv.00g080090;Nriv.00g081970;Nriv.00g081990;Nriv.00g082030;Nriv.00g108060;Nriv.00g134400;Nriv.00g134630;Nriv.00g134640;Nriv.00g144780;Nriv.00g148550;Nriv.00g156690;Nriv.00g169560;Nriv.00g178880
GO:0048661,positive regulation of smooth muscle cell proliferation,21,2,0.27,0.02927,0.003290318,0.003290318,Nriv.00g080090;Nriv.00g081970;Nriv.00g081990;Nriv.00g082030;Nriv.00g108060;Nriv.00g148550;Nriv.00g156690
GO:0014068,positive regulation of phosphatidylinositol 3-kinase signaling,22,2,0.28,0.03193,0.038022679,0.038022679,Nriv.00g031920;Nriv.00g031930;Nriv.00g178880
GO:0050766,positive regulation of phagocytosis,22,2,0.28,0.03193,0.01283697,0.01283697,Nriv.00g012860
GO:0060395,SMAD protein signal transduction,22,2,0.28,0.03193,0.025510509,0.025510509,Nriv.00g142910;Nriv.00g165950
GO:0014823,response to activity,30,3,0.39,0.037,0.038022679,0.038022679,Nriv.00g022120;Nriv.00g081400;Nriv.00g088180
GO:0001678,cellular glucose homeostasis,60,4,0.77,0.03731,0.037619532,0.039883592,Nriv.00g001050;Nriv.00g002940;Nriv.00g002960;Nriv.00g003670;Nriv.00g003680;Nriv.00g005710;Nriv.00g015920;Nriv.00g030180;Nriv.00g038810;Nriv.00g039780;Nriv.00g042160;Nriv.00g043300;Nriv.00g044890;Nriv.00g046690;Nriv.00g046710;Nriv.00g046720;Nriv.00g046730;Nriv.00g046740;Nriv.00g046840;Nriv.00g060320;Nriv.00g060450;Nriv.00g062880;Nriv.00g071470;Nriv.00g071480;Nriv.00g073660;Nriv.00g076360;Nriv.00g076550;Nriv.00g076570;Nriv.00g083850;Nriv.00g083910;Nriv.00g084910;Nriv.00g093590;Nriv.00g094620;Nriv.00g110030;Nriv.00g112940;Nriv.00g117700;Nriv.00g118590;Nriv.00g118600;Nriv.00g118640;Nriv.00g124700;Nriv.00g124720;Nriv.00g124730;Nriv.00g124740;Nriv.00g129930;Nriv.00g132820;Nriv.00g135240;Nriv.00g135250;Nriv.00g136170;Nriv.00g142390;Nriv.00g142910;Nriv.00g145410;Nriv.00g147600;Nriv.00g148290;Nriv.00g148310;Nriv.00g155500;Nriv.00g161520;Nriv.00g162830;Nriv.00g162840;Nriv.00g167340
GO:0070371,ERK1 and ERK2 cascade,59,3,0.76,0.03762,0.0377937,0.037525997,Nriv.00g005620;Nriv.00g005630;Nriv.00g007030;Nriv.00g007160;Nriv.00g009230;Nriv.00g013160;Nriv.00g035060;Nriv.00g035370;Nriv.00g043660;Nriv.00g063890;Nriv.00g067140;Nriv.00g067150;Nriv.00g073740;Nriv.00g081400;Nriv.00g090670;Nriv.00g094460;Nriv.00g101290;Nriv.00g110720;Nriv.00g114170;Nriv.00g139240;Nriv.00g139250;Nriv.00g151560;Nriv.00g151570;Nriv.00g173570
GO:0000280,nuclear division,232,5,2.98,0.03768,0.000537141,0.000537141,Nriv.00g028540;Nriv.00g031920;Nriv.00g031930;Nriv.00g055570;Nriv.00g063230;Nriv.00g070060;Nriv.00g119320;Nriv.00g130300;Nriv.00g175870;Nriv.00g175880;Nriv.00g175900;Nriv.00g175910;Nriv.00g178880
GO:0070663,regulation of leukocyte proliferation,24,2,0.31,0.03779,0.01283697,0.01283697,Nriv.00g063230
GO:0021894,cerebral cortex GABAergic interneuron development,3,1,0.04,0.03802,0.038022679,0.038022679,Nriv.00g008830;Nriv.00g158440;Nriv.00g158450
GO:1903715,regulation of aerobic respiration,3,1,0.04,0.03802,0.038022679,0.038022679,Nriv.00g046230;Nriv.00g123510;Nriv.00g123520
GO:0021831,embryonic olfactory bulb interneuron precursor migration,3,1,0.04,0.03802,0.038022679,0.038022679,Nriv.00g108060;Nriv.00g128680;Nriv.00g128690
GO:1905167,positive regulation of lysosomal protein catabolic process,3,1,0.04,0.03802,0.038022679,0.038022679,Nriv.00g008830;Nriv.00g158440;Nriv.00g158450
GO:0031508,pericentric heterochromatin assembly,3,1,0.04,0.03802,0.01283697,0.01283697,Nriv.00g126500
GO:0006384,transcription initiation from RNA polymerase III promoter,3,1,0.04,0.03802,0.025510509,0.025510509,Nriv.00g064610;Nriv.00g142910
GO:0031048,heterochromatin assembly by small RNA,3,1,0.04,0.03802,0.000964162,0.000964162,Nriv.00g071820;Nriv.00g078240;Nriv.00g122740;Nriv.00g142910
GO:0002551,mast cell chemotaxis,3,1,0.04,0.03802,0.011621206,0.011621206,Nriv.00g052650;Nriv.00g081430;Nriv.00g094380;Nriv.00g102180;Nriv.00g129360;Nriv.00g129370;Nriv.00g131360;Nriv.00g142910;Nriv.00g156960;Nriv.00g162770;Nriv.00g170100;Nriv.00g170110;Nriv.00g170120
GO:0051610,serotonin uptake,3,1,0.04,0.03802,0.01283697,0.01283697,Nriv.00g142910
GO:0051615,histamine uptake,3,1,0.04,0.03802,0.025510509,0.025510509,Nriv.00g061300;Nriv.00g120290
GO:0018158,protein oxidation,3,1,0.04,0.03802,0.01283697,0.01283697,Nriv.00g142910
GO:1905232,cellular response to L-glutamate,3,1,0.04,0.03802,0.038022679,0.038022679,Nriv.00g019110;Nriv.00g019150;Nriv.00g071820
GO:0032189,maintenance of actomyosin contractile ring localization,3,1,0.04,0.03802,0.01283697,0.01283697,Nriv.00g081400
GO:0098921,retrograde trans-synaptic signaling by endocannabinoid,3,1,0.04,0.03802,0.01283697,0.01283697,Nriv.00g063230
GO:0071926,endocannabinoid signaling pathway,3,1,0.04,0.03802,0.025510509,0.025510509,Nriv.00g063230;Nriv.00g167980
GO:0034983,peptidyl-lysine deacetylation,3,1,0.04,0.03802,0.025510509,0.025510509,Nriv.00g051610;Nriv.00g129530
GO:0061344,regulation of cell adhesion involved in heart morphogenesis,3,1,0.04,0.03802,0.01283697,0.01283697,Nriv.00g081400
GO:0075522,IRES-dependent viral translational initiation,3,1,0.04,0.03802,0.038022679,0.038022679,Nriv.00g071820;Nriv.00g111990;Nriv.00g112020
GO:0046340,diacylglycerol catabolic process,3,1,0.04,0.03802,0.012820513,0.212407468,Nriv.00g008570;Nriv.00g010170;Nriv.00g012670;Nriv.00g012680;Nriv.00g013950;Nriv.00g018510;Nriv.00g018520;Nriv.00g026750;Nriv.00g026760;Nriv.00g037240;Nriv.00g041680;Nriv.00g044130;Nriv.00g044140;Nriv.00g044150;Nriv.00g045850;Nriv.00g052600;Nriv.00g056740;Nriv.00g058680;Nriv.00g059590;Nriv.00g070090;Nriv.00g072110;Nriv.00g078150;Nriv.00g084050;Nriv.00g086500;Nriv.00g090210;Nriv.00g090240;Nriv.00g094380;Nriv.00g094700;Nriv.00g097070;Nriv.00g102950;Nriv.00g104710;Nriv.00g109960;Nriv.00g110920;Nriv.00g110930;Nriv.00g127760;Nriv.00g128740;Nriv.00g128750;Nriv.00g129280;Nriv.00g129360;Nriv.00g129370;Nriv.00g131600;Nriv.00g132520;Nriv.00g132530;Nriv.00g133770;Nriv.00g133790;Nriv.00g133800;Nriv.00g133810;Nriv.00g136510;Nriv.00g136520;Nriv.00g136530;Nriv.00g136540;Nriv.00g137390;Nriv.00g137400;Nriv.00g137410;Nriv.00g147250;Nriv.00g150130;Nriv.00g150150;Nriv.00g150160;Nriv.00g150170;Nriv.00g150190;Nriv.00g153280;Nriv.00g162770;Nriv.00g164200;Nriv.00g167680;Nriv.00g167810;Nriv.00g167820;Nriv.00g172830
GO:0032707,negative regulation of interleukin-23 production,3,1,0.04,0.03802,0.01283697,0.01283697,Nriv.00g081400
GO:0090201,negative regulation of release of cytochrome c from mitochondria,3,1,0.04,0.03802,0.025510509,0.025510509,Nriv.00g081400;Nriv.00g083510
GO:0051481,negative regulation of cytosolic calcium ion concentration,3,1,0.04,0.03802,0.01283697,0.01283697,Nriv.00g142910
GO:1901143,insulin catabolic process,3,1,0.04,0.03802,0.01283697,0.01283697,Nriv.00g142910
GO:0036493,positive regulation of translation in response to endoplasmic reticulum stress,3,1,0.04,0.03802,0.01283697,0.01283697,Nriv.00g046230
GO:0035072,ecdysone-mediated induction of salivary gland cell autophagic cell death,3,1,0.04,0.03802,0.01283697,0.01283697,Nriv.00g092020
GO:0035009,negative regulation of melanization defense response,3,1,0.04,0.03802,0.01283697,0.01283697,Nriv.00g108060
GO:0048312,intracellular distribution of mitochondria,3,1,0.04,0.03802,0.038022679,0.038022679,Nriv.00g094380;Nriv.00g122740;Nriv.00g142910
GO:0033152,immunoglobulin V(D)J recombination,3,1,0.04,0.03802,0.038022679,0.038022679,Nriv.00g108060;Nriv.00g128680;Nriv.00g128690
GO:0070262,peptidyl-serine dephosphorylation,3,1,0.04,0.03802,0.01283697,0.01283697,Nriv.00g081400
GO:2000386,positive regulation of ovarian follicle development,3,1,0.04,0.03802,0.01283697,0.01283697,Nriv.00g084330
GO:0051091,positive regulation of DNA-binding transcription factor activity,58,3,0.74,0.0382,0.01283697,0.01283697,Nriv.00g078150
GO:0008203,cholesterol metabolic process,58,3,0.74,0.0382,0.038022679,0.038022679,Nriv.00g031920;Nriv.00g031930;Nriv.00g178880
GO:0035167,larval lymph gland hemopoiesis,47,3,0.6,0.04001,0.01283697,0.01283697,Nriv.00g142910
GO:0051148,negative regulation of muscle cell differentiation,10,2,0.13,0.05,0.025510509,0.025510509,Nriv.00g010730;Nriv.00g100630
